-75.7998,-26.1261,0,0,0,-0.834808,0.550542,0,3
-76.1207,-27.0366,0,0,0,-0.817263,0.576265,0,3
-76.4511,-28.082,0,0,0,-0.816435,0.577437,0,3
-76.824,-28.9696,0,0,0,-0.820975,0.570965,0,3
-77.0981,-29.882,0,0,0,-0.816821,0.576892,0,3
-77.2532,-30.7602,0,0,0,-0.814092,0.580737,0,3
-77.4383,-31.5612,0,0,0,-0.799802,0.600264,0,3
-77.7636,-32.4899,0,0,0,-0.764713,0.644371,0,3
-78.0289,-33.5798,0,0,0,-0.743476,0.668762,0,3
-78.1251,-34.7914,0,0,0,-0.730676,0.682724,0,3
-78.4629,-36.288,0,0,0,-0.725609,0.688107,0,3
-78.5965,-37.6371,0,0,0,-0.714809,0.69932,0,3
-79.0969,-38.6608,0,0,0,-0.725095,0.688649,0,3
-79.4468,-39.7334,0,0,0,-0.733586,0.679597,0,3
-79.764,-40.9692,0,0,0,-0.741017,0.671487,0,3
-80.3645,-42.3112,0,0,0,-0.748504,0.663131,0,3
-80.8263,-43.8299,0,0,0,-0.750278,0.661122,0,3
-81.3159,-45.3606,0,0,0,-0.75656,0.653924,0,3
-81.7692,-46.8168,0,0,0,-0.759869,0.650077,0,3
-82.4796,-48.1122,0,0,0,-0.760716,0.649084,0,3
-83.1121,-49.6474,0,0,0,-0.76554,0.643389,0,3
-83.7461,-51.1568,0,0,0,-0.755137,0.655567,0,3
-84.3898,-52.6605,0,0,0,-0.75668,0.653785,0,3
-84.6646,-53.7573,0,0,0,-0.749311,0.662219,0,3
-84.9726,-55.0404,0,0,0,-0.742467,0.669883,0,3
-85.2352,-56.4577,0,0,0,-0.749254,0.662283,0,3
-85.3504,-57.6654,0,0,0,-0.747759,0.66397,0,3
-85.6753,-59.1669,0,0,0,-0.751632,0.659583,0,3
-86.0556,-60.8611,0,0,0,-0.751064,0.66023,0,3
-86.552,-62.656,0,0,0,-0.746915,0.66492,0,3
-87.0204,-64.4809,0,0,0,-0.764186,0.644996,0,3
-87.8126,-66.4557,0,0,0,-0.779267,0.626692,0,3
-88.7875,-68.3522,0,0,0,-0.802195,0.597062,0,3
-89.772,-70.5851,0,0,0,-0.812959,0.582321,0,3
-90.42,-72.1621,0,0,0,-0.814897,0.579605,0,3
-90.9664,-73.3835,0,0,0,-0.819097,0.573654,0,3
-91.4422,-74.6388,0,0,0,-0.812697,0.582687,0,3
-92.0387,-76.2528,0,0,0,-0.815814,0.578314,0,3
-92.4125,-77.4966,0,0,0,-0.810458,0.585797,0,3
-92.7728,-78.4658,0,0,0,-0.811335,0.584581,0,3
-93.4623,-80.4128,0,0,0,-0.822636,0.568568,0,3
-93.849,-81.3792,0,0,0,-0.823009,0.568029,0,3
-94.2444,-82.3676,0,0,0,-0.823499,0.567318,0,3
-94.6498,-83.3324,0,0,0,-0.822583,0.568644,0,3
-95.151,-84.5103,0,0,0,-0.818712,0.574204,0,3
-95.5617,-85.5141,0,0,0,-0.819184,0.573531,0,3
-96.0511,-87.7284,0,0,0,-0.806809,0.590813,0,3
-96.282,-88.7609,0,0,0,-0.80447,0.593994,0,3
-96.5792,-89.7666,0,0,0,-0.803308,0.595564,0,3
-96.9794,-91.0122,0,0,0,-0.800653,0.599128,0,3
-97.6397,-93.0819,0,0,0,-0.797525,0.603286,0,3
-97.8992,-94.1179,0,0,0,-0.777913,0.628372,0,3
-97.9983,-95.2132,0,0,0,-0.6761,0.73681,0,3
-97.1007,-96.9881,0,0,0,-0.360438,0.932783,0,3
-95.3604,-98.0959,0,0,0,-0.195239,0.980756,0,3
-94.3531,-98.487,0,0,0,-0.143121,0.989705,0,3
-93.1328,-98.8717,0,0,0,-0.139692,0.990195,0,3
-92.1558,-99.1799,0,0,0,-0.154305,0.988023,0,3
-91.1659,-99.5172,0,0,0,-0.16463,0.986355,0,3
-89.9795,-99.917,0,0,0,-0.154123,0.988052,0,3
-88.0215,-100.528,0,0,0,-0.140137,0.990132,0,3
-87.0299,-100.803,0,0,0,-0.135095,0.990833,0,3
-86.0415,-101.09,0,0,0,-0.136374,0.990657,0,3
-84.8186,-101.409,0,0,0,-0.13113,0.991365,0,3
-83.8277,-101.693,0,0,0,-0.142026,0.989863,0,3
-82.8156,-102,0,0,0,-0.161851,0.986815,0,3
-81.7813,-102.34,0,0,0,-0.171387,0.985204,0,3
-80.7819,-102.661,0,0,0,-0.145436,0.989368,0,3
-79.6911,-102.97,0,0,0,-0.104478,0.994527,0,3
-78.5772,-103.158,0,0,0,-0.0351661,0.999381,0,3
-77.4486,-103.163,0,0,0,0.0226522,0.999743,0,3
-76.2235,-103.152,0,0,0,0.0281867,0.999603,0,3
-75.0443,-103.076,0,0,0,0.0270273,0.999635,0,3
-73.9303,-102.969,0,0,0,0.00564921,0.999984,0,3
-72.8593,-102.92,0,0,0,-0.0127931,0.999918,0,3
-71.5965,-102.912,0,0,0,-0.00984058,0.999952,0,3
-69.508,-102.887,0,0,0,-0.00809952,0.999967,0,3
-68.4478,-102.874,0,0,0,0.00620049,0.999981,0,3
-67.3649,-102.84,0,0,0,0.0231188,0.999733,0,3
-66.2249,-102.866,0,0,0,0.0193849,0.999812,0,3
-64.8622,-102.869,0,0,0,0.00855408,0.999963,0,3
-63.7342,-102.888,0,0,0,0.00942166,0.999956,0,3
-62.6463,-102.94,0,0,0,-0.00305863,0.999995,0,3
-61.5255,-103.064,0,0,0,-0.0404873,0.99918,0,3
-60.4447,-103.232,0,0,0,-0.073714,0.997279,0,3
-59.3832,-103.452,0,0,0,-0.0910186,0.995849,0,3
-58.3456,-103.697,0,0,0,-0.0956765,0.995412,0,3
-57.0743,-103.98,0,0,0,-0.0964776,0.995335,0,3
-55.9753,-104.175,0,0,0,-0.0903319,0.995912,0,3
-54.9222,-104.342,0,0,0,-0.0713894,0.997449,0,3
-53.5978,-104.46,0,0,0,0.0196982,0.999806,0,3
-51.7379,-103.883,0,0,0,0.300742,0.953706,0,3
-51.0266,-103.163,0,0,0,0.462289,0.886729,0,3
-50.1977,-101.34,0,0,0,0.600086,0.799935,0,3
-49.8367,-100.29,0,0,0,0.603141,0.797635,0,3
-49.2781,-99.1297,0,0,0,0.597509,0.801862,0,3
-48.7968,-98.1844,0,0,0,0.594474,0.804115,0,3
-48.4308,-97.2413,0,0,0,0.591226,0.806506,0,3
-48.0463,-96.0923,0,0,0,0.584373,0.811485,0,3
-47.7681,-95.0609,0,0,0,0.592466,0.805596,0,3
-47.5345,-93.8432,0,0,0,0.611221,0.79146,0,3
-47.2955,-92.8363,0,0,0,0.61182,0.790997,0,3
-47.0907,-91.7806,0,0,0,0.617359,0.786681,0,3
-46.8941,-90.7344,0,0,0,0.622532,0.782595,0,3
-46.6703,-89.4742,0,0,0,0.635498,0.772102,0,3
-46.3602,-87.5565,0,0,0,0.64891,0.760865,0,3
-46.2063,-86.3165,0,0,0,0.655269,0.755396,0,3
-46.0549,-85.2841,0,0,0,0.656221,0.754569,0,3
-45.8874,-84.0776,0,0,0,0.656368,0.754441,0,3
-45.7257,-83.0291,0,0,0,0.648511,0.761206,0,3
-45.5442,-81.9798,0,0,0,0.646871,0.762599,0,3
-45.3673,-80.8772,0,0,0,0.655983,0.754776,0,3
-45.155,-79.6181,0,0,0,0.658773,0.752342,0,3
-45.0113,-78.5829,0,0,0,0.664058,0.747681,0,3
-44.8438,-77.521,0,0,0,0.662734,0.748855,0,3
-44.6468,-76.2372,0,0,0,0.651588,0.758573,0,3
-44.4616,-75.1697,0,0,0,0.647631,0.761954,0,3
-44.0725,-73.0353,0,0,0,0.645788,0.763517,0,3
-43.8823,-71.9693,0,0,0,0.648974,0.760811,0,3
-43.6412,-70.7169,0,0,0,0.649639,0.760243,0,3
-43.2647,-68.6729,0,0,0,0.637703,0.770283,0,3
-43.0845,-67.6014,0,0,0,0.634687,0.772769,0,3
-42.9131,-66.5178,0,0,0,0.645338,0.763897,0,3
-42.7582,-65.399,0,0,0,0.650955,0.759116,0,3
-42.5585,-64.1072,0,0,0,0.648664,0.761075,0,3
-42.2439,-62.1908,0,0,0,0.653518,0.756911,0,3
-42.1289,-61.1349,0,0,0,0.667608,0.744513,0,3
-42.0344,-59.8465,0,0,0,0.679868,0.733334,0,3
-41.9398,-58.8354,0,0,0,0.678106,0.734964,0,3
-41.8236,-57.7622,0,0,0,0.675091,0.737735,0,3
-41.6915,-56.5259,0,0,0,0.67452,0.738257,0,3
-41.5704,-55.5115,0,0,0,0.671168,0.741305,0,3
-41.3982,-54.2625,0,0,0,0.670173,0.742205,0,3
-41.2819,-53.2537,0,0,0,0.678226,0.734854,0,3
-41.1523,-51.1621,0,0,0,0.688564,0.725176,0,3
-41.0937,-50.1628,0,0,0,0.689349,0.724429,0,3
-41.0237,-49.155,0,0,0,0.682747,0.730655,0,3
-40.8982,-47.9124,0,0,0,0.679356,0.733808,0,3
-40.7925,-46.9156,0,0,0,0.679741,0.733452,0,3
-40.6843,-45.9037,0,0,0,0.677669,0.735367,0,3
-40.5515,-44.5653,0,0,0,0.677595,0.735435,0,3
-40.44,-43.4335,0,0,0,0.677131,0.735862,0,3
-40.3226,-42.3804,0,0,0,0.673532,0.739158,0,3
-40.2026,-41.2844,0,0,0,0.672169,0.740398,0,3
-40.0882,-40.2212,0,0,0,0.672375,0.740211,0,3
-39.9384,-39.1242,0,0,0,0.669247,0.74304,0,3
-39.7837,-38.0458,0,0,0,0.668674,0.743556,0,3
-39.6354,-36.7722,0,0,0,0.676398,0.736536,0,3
-39.5272,-35.7035,0,0,0,0.685482,0.72809,0,3
-39.455,-34.539,0,0,0,0.685276,0.728284,0,3
-39.3642,-33.4517,0,0,0,0.679702,0.733488,0,3
-39.2603,-32.3559,0,0,0,0.67901,0.734129,0,3
-39.1823,-31.2305,0,0,0,0.693365,0.720586,0,3
-39.1099,-30.1455,0,0,0,0.69079,0.723056,0,3
-39.0137,-29.0163,0,0,0,0.67493,0.737882,0,3
-38.9263,-27.9381,0,0,0,0.671837,0.740699,0,3
-38.8179,-26.8648,0,0,0,0.660781,0.750579,0,3
-38.7171,-25.5331,0,0,0,0.672373,0.740213,0,3
-38.6364,-24.3783,0,0,0,0.676193,0.736725,0,3
-38.398,-22.2478,0,0,0,0.668612,0.743611,0,3
-38.2756,-21.1375,0,0,0,0.671996,0.740555,0,3
-38.1783,-20.0605,0,0,0,0.690141,0.723675,0,3
-38.132,-18.9306,0,0,0,0.684702,0.728824,0,3
-38.0641,-17.8481,0,0,0,0.683374,0.730068,0,3
-38.0035,-16.5849,0,0,0,0.684273,0.729226,0,3
-37.912,-15.5313,0,0,0,0.682321,0.731053,0,3
-37.8169,-14.506,0,0,0,0.679233,0.733923,0,3
-37.7121,-13.4444,0,0,0,0.67931,0.733852,0,3
-37.6099,-12.352,0,0,0,0.683391,0.730053,0,3
-37.5257,-11.219,0,0,0,0.686846,0.726803,0,3
-37.4647,-10.1299,0,0,0,0.690317,0.723507,0,3
-37.4081,-9.07028,0,0,0,0.693602,0.720358,0,3
-37.3739,-8.00548,0,0,0,0.699123,0.715001,0,3
-37.3254,-6.94736,0,0,0,0.695007,0.719003,0,3
-37.2432,-5.60428,0,0,0,0.697942,0.716154,0,3
-37.1862,-4.53442,0,0,0,0.694543,0.719451,0,3
-37.1041,-3.41716,0,0,0,0.697064,0.717009,0,3
-37.0373,-2.3202,0,0,0,0.700197,0.71395,0,3
-36.9908,-1.22308,0,0,0,0.699534,0.7146,0,3
-36.9483,-0.115865,0,0,0,0.699224,0.714903,0,3
-36.3557,1.76066,0,0,0,0.443468,0.89629,0,3
-35.5157,2.42215,0,0,0,0.25075,0.968052,0,3
-34.5,2.74612,0,0,0,0.0932008,0.995647,0,3
-33.3498,2.85867,0,0,0,0.020993,0.99978,0,3
-32.2117,2.8498,0,0,0,-0.00380366,0.999993,0,3
-31.0684,2.80665,0,0,0,-0.0224751,0.999747,0,3
-29.9743,2.73589,0,0,0,-0.0394443,0.999222,0,3
-28.8619,2.66287,0,0,0,-0.0162832,0.999867,0,3
-27.7386,2.63326,0,0,0,-0.0236843,0.999719,0,3
-26.584,2.56626,0,0,0,-0.0218212,0.999762,0,3
-25.4424,2.53848,0,0,0,-0.0155136,0.99988,0,3
-23.3754,2.49861,0,0,0,-0.00492076,0.999988,0,3
-22.0373,2.45801,0,0,0,-0.0150391,0.999887,0,3
-20.3122,2.41318,0,0,0,-0.0183234,0.999832,0,3
-19.1852,2.35369,0,0,0,-0.0275413,0.999621,0,3
-18.0764,2.26379,0,0,0,-0.0369025,0.999319,0,3
-17.0262,2.17852,0,0,0,-0.0340144,0.999421,0,3
-16.002,2.11228,0,0,0,-0.0293167,0.99957,0,3
-14.8555,2.03977,0,0,0,-0.0341429,0.999417,0,3
-13.3624,1.93942,0,0,0,-0.0220697,0.999756,0,3
-12.3342,1.87712,0,0,0,-0.034002,0.999422,0,3
-11.2352,1.81591,0,0,0,-0.0246187,0.999697,0,3
-9.31407,1.71707,0,0,0,-0.02594,0.999664,0,3
-8.23352,1.66923,0,0,0,-0.0198832,0.999802,0,3
-6.14493,1.57278,0,0,0,-0.0202207,0.999796,0,3
-5.00698,1.52584,0,0,0,-0.0183553,0.999832,0,3
-3.99083,1.49532,0,0,0,-0.0146259,0.999893,0,3
-3.14155,1.50583,0,0,0,-0.0148956,0.999889,0,3
-2.01207,1.49229,0,0,0,-0.0125415,0.999921,0,3
-1.38607,1.51052,0,0,0,-0.00662521,0.999978,0,3
-0.786889,1.60093,0,0,0,-0.014527,0.999894,0,3
0.24326,1.58812,0,0,0,-0.0183707,0.999831,0,3
1.00897,1.6015,0,0,0,-0.0199895,0.9998,0,3
1.86425,1.53187,0,0,0,-0.028394,0.999597,0,3
2.7403,1.39281,0,0,0,-0.0313201,0.999509,0,3
3.50889,1.25153,0,0,0,-0.0261078,0.999659,0,3
4.27624,1.20646,0,0,0,-0.0278029,0.999613,0,3
5.02045,1.26137,0,0,0,-0.0247284,0.999694,0,3
6.05996,1.34086,0,0,0,-0.0197025,0.999806,0,3
7.42176,1.12463,0,0,0,-0.0344056,0.999408,0,3
8.36497,1.13931,0,0,0,-0.0526582,0.998613,0,3
9.8463,0.991086,0,0,0,-0.0888568,0.996044,0,3
11.4468,0.900226,0,0,0,-0.109187,0.994021,0,3
12.8529,0.779744,0,0,0,-0.132862,0.991135,0,3
14.6105,0.551049,0,0,0,-0.166795,0.985992,0,3
16.3008,0.32577,0,0,0,-0.205315,0.978696,0,3
16.6641,-1.41058,0,0,0,-0.292188,0.956361,0,3
16.564,-2.81948,0,0,0,-0.743064,0.669221,0,3
16.3847,-4.22632,0,0,0,-0.837227,0.546856,0,3
16.2965,-5.55292,0,0,0,-0.846567,0.532281,0,3
16.1521,-6.92529,0,0,0,-0.845136,0.534552,0,3
15.9687,-8.66014,0,0,0,-0.837905,0.545816,0,3
15.6901,-10.2817,0,0,0,-0.829206,0.558943,0,3
15.5492,-11.4759,0,0,0,-0.832065,0.554678,0,3
15.3511,-13.238,0,0,0,-0.813276,0.581878,0,3
15.18,-14.5064,0,0,0,-0.760008,0.649914,0,3
15.2564,-16.1624,0,0,0,-0.716291,0.697801,0,3
15.2135,-18.2598,0,0,0,-0.709131,0.705077,0,3
15.1903,-19.4484,0,0,0,-0.703589,0.710607,0,3
15.1664,-20.5913,0,0,0,-0.709661,0.704544,0,3
15.1104,-21.8325,0,0,0,-0.713735,0.700416,0,3
15.0494,-22.8447,0,0,0,-0.722579,0.691289,0,3
14.9651,-24.3905,0,0,0,-0.723743,0.69007,0,3
14.9022,-25.8002,0,0,0,-0.725138,0.688604,0,3
14.7785,-28.6063,0,0,0,-0.716623,0.69746,0,3
14.7274,-29.8856,0,0,0,-0.718142,0.695896,0,3
14.6861,-30.9635,0,0,0,-0.711127,0.703063,0,3
14.6572,-32.0572,0,0,0,-0.71369,0.700461,0,3
14.619,-33.3517,0,0,0,-0.718808,0.695209,0,3
14.5571,-34.4752,0,0,0,-0.7281,0.685471,0,3
14.458,-35.7757,0,0,0,-0.725636,0.688079,0,3
14.3826,-36.8675,0,0,0,-0.720847,0.693094,0,3
14.3256,-38.0082,0,0,0,-0.719319,0.69468,0,3
14.2565,-39.1017,0,0,0,-0.73027,0.683159,0,3
14.0692,-41.1916,0,0,0,-0.73156,0.681777,0,3
13.956,-42.5238,0,0,0,-0.733577,0.679607,0,3
13.8546,-43.6277,0,0,0,-0.73505,0.678012,0,3
13.7034,-44.9297,0,0,0,-0.740888,0.671629,0,3
13.5794,-46.0331,0,0,0,-0.739186,0.673501,0,3
13.4671,-47.0724,0,0,0,-0.733092,0.680129,0,3
13.3497,-48.336,0,0,0,-0.732438,0.680834,0,3
13.2569,-49.4168,0,0,0,-0.730638,0.682765,0,3
13.1782,-50.7296,0,0,0,-0.722505,0.691366,0,3
13.1422,-51.8634,0,0,0,-0.720237,0.693728,0,3
13.0765,-52.9843,0,0,0,-0.722508,0.691362,0,3
13.0152,-54.0991,0,0,0,-0.715554,0.698558,0,3
12.9778,-55.456,0,0,0,-0.711152,0.703038,0,3
12.9686,-56.5359,0,0,0,-0.709418,0.704788,0,3
12.9739,-57.6382,0,0,0,-0.710432,0.703766,0,3
12.9473,-58.9146,0,0,0,-0.714582,0.699551,0,3
12.9221,-59.9937,0,0,0,-0.715867,0.698237,0,3
12.8734,-61.3084,0,0,0,-0.710664,0.703532,0,3
12.8421,-63.481,0,0,0,-0.702113,0.712066,0,3
12.8502,-64.5396,0,0,0,-0.696667,0.717395,0,3
12.8662,-65.6397,0,0,0,-0.694773,0.719229,0,3
12.9195,-66.9591,0,0,0,-0.688544,0.725195,0,3
12.9623,-68.0019,0,0,0,-0.683175,0.730254,0,3
13.0232,-69.2681,0,0,0,-0.684345,0.729159,0,3
13.0722,-70.3584,0,0,0,-0.690122,0.723693,0,3
13.1698,-71.6243,0,0,0,-0.684647,0.728875,0,3
13.3356,-73.6035,0,0,0,-0.678433,0.734662,0,3
13.4629,-74.9562,0,0,0,-0.672789,0.739835,0,3
13.5862,-76.127,0,0,0,-0.671327,0.741161,0,3
13.7647,-77.5304,0,0,0,-0.664685,0.747123,0,3
13.8877,-78.6254,0,0,0,-0.668953,0.743305,0,3
14.0222,-79.987,0,0,0,-0.6785,0.7346,0,3
14.0922,-81.1399,0,0,0,-0.69616,0.717887,0,3
14.1079,-82.2579,0,0,0,-0.719747,0.694237,0,3
14.0307,-83.3672,0,0,0,-0.736621,0.676305,0,3
13.9071,-84.474,0,0,0,-0.740044,0.672558,0,3
13.7641,-85.5753,0,0,0,-0.737371,0.675488,0,3
13.6345,-86.9375,0,0,0,-0.729502,0.683979,0,3
13.5459,-88.0371,0,0,0,-0.729742,0.683723,0,3
13.4409,-89.1248,0,0,0,-0.734046,0.6791,0,3
13.3364,-90.1779,0,0,0,-0.732739,0.68051,0,3
13.2088,-91.5311,0,0,0,-0.72975,0.683714,0,3
13.1125,-92.6285,0,0,0,-0.732507,0.68076,0,3
13.015,-93.7145,0,0,0,-0.731305,0.682051,0,3
12.89,-94.7921,0,0,0,-0.73626,0.676699,0,3
12.769,-95.8873,0,0,0,-0.732044,0.681257,0,3
12.6457,-97.2163,0,0,0,-0.730438,0.682978,0,3
12.5539,-98.2649,0,0,0,-0.731097,0.682273,0,3
12.4643,-99.3361,0,0,0,-0.736655,0.676268,0,3
12.3273,-100.615,0,0,0,-0.74469,0.667411,0,3
12.1866,-101.694,0,0,0,-0.743509,0.668726,0,3
12.0354,-102.989,0,0,0,-0.732461,0.680809,0,3
11.8369,-104.967,0,0,0,-0.736642,0.676283,0,3
11.6963,-106.321,0,0,0,-0.740737,0.671795,0,3
11.5367,-107.367,0,0,0,-0.745939,0.666015,0,3
11.3875,-108.454,0,0,0,-0.73509,0.67797,0,3
11.2523,-109.778,0,0,0,-0.736906,0.675995,0,3
11.1112,-110.895,0,0,0,-0.744351,0.667788,0,3
10.9183,-112.205,0,0,0,-0.739287,0.67339,0,3
10.8084,-113.267,0,0,0,-0.728611,0.684928,0,3
10.7084,-114.52,0,0,0,-0.729027,0.684485,0,3
10.5935,-115.576,0,0,0,-0.750172,0.661242,0,3
10.4176,-116.643,0,0,0,-0.76963,0.63849,0,3
10.2249,-117.681,0,0,0,-0.76834,0.640042,0,3
10.0067,-118.748,0,0,0,-0.768449,0.63991,0,3
9.7586,-120.042,0,0,0,-0.769512,0.638632,0,3
9.56357,-121.06,0,0,0,-0.767476,0.641078,0,3
9.3688,-122.108,0,0,0,-0.768873,0.639402,0,3
9.10287,-123.442,0,0,0,-0.769288,0.638902,0,3
8.88888,-124.513,0,0,0,-0.76947,0.638684,0,3
8.61217,-125.859,0,0,0,-0.778049,0.628204,0,3
8.33328,-126.995,0,0,0,-0.780521,0.62513,0,3
7.85376,-129.201,0,0,0,-0.775233,0.631675,0,3
7.62672,-130.287,0,0,0,-0.781106,0.624399,0,3
7.38683,-131.642,0,0,0,-0.75653,0.653959,0,3
7.24411,-132.718,0,0,0,-0.743722,0.668488,0,3
7.10633,-133.824,0,0,0,-0.742242,0.670132,0,3
6.96414,-135.112,0,0,0,-0.739604,0.673043,0,3
6.8494,-136.183,0,0,0,-0.737019,0.675872,0,3
6.75065,-137.477,0,0,0,-0.726659,0.686999,0,3
6.70152,-138.529,0,0,0,-0.718661,0.695361,0,3
6.68152,-139.593,0,0,0,-0.704435,0.709768,0,3
6.72193,-140.875,0,0,0,-0.685982,0.727618,0,3
6.80035,-141.963,0,0,0,-0.669911,0.742441,0,3
6.93636,-143.014,0,0,0,-0.654121,0.75639,0,3
7.14631,-144.277,0,0,0,-0.634575,0.772861,0,3
7.31703,-145.342,0,0,0,-0.656183,0.754602,0,3
7.40098,-146.424,0,0,0,-0.687976,0.725733,0,3
7.39063,-147.565,0,0,0,-0.716787,0.697292,0,3
7.33334,-148.626,0,0,0,-0.738108,0.674683,0,3
7.17579,-149.946,0,0,0,-0.753703,0.657216,0,3
7.00001,-151.021,0,0,0,-0.765843,0.643028,0,3
6.76843,-152.132,0,0,0,-0.772045,0.635568,0,3
6.5334,-153.226,0,0,0,-0.764285,0.644878,0,3
6.3593,-154.33,0,0,0,-0.749308,0.662221,0,3
6.18448,-155.616,0,0,0,-0.738589,0.674155,0,3
6.0904,-156.669,0,0,0,-0.731401,0.681948,0,3
5.97328,-157.913,0,0,0,-0.732599,0.68066,0,3
5.87305,-159.008,0,0,0,-0.73136,0.681991,0,3
5.81809,-160.27,0,0,0,-0.731961,0.681346,0,3
5.75757,-161.28,0,0,0,-0.735854,0.67714,0,3
5.63757,-162.554,0,0,0,-0.733478,0.679713,0,3
5.59137,-164.687,0,0,0,-0.704338,0.709864,0,3
5.58503,-165.769,0,0,0,-0.702059,0.712119,0,3
5.59468,-166.798,0,0,0,-0.693608,0.720353,0,3
5.62873,-168.063,0,0,0,-0.69296,0.720976,0,3
5.63919,-170.147,0,0,0,-0.6995,0.714633,0,3
5.63878,-171.431,0,0,0,-0.700193,0.713954,0,3
5.61366,-172.703,0,0,0,-0.72204,0.691851,0,3
5.50625,-173.717,0,0,0,-0.739692,0.672946,0,3
5.36108,-174.73,0,0,0,-0.752668,0.6584,0,3
5.17273,-175.747,0,0,0,-0.768099,0.640331,0,3
4.93752,-176.758,0,0,0,-0.776332,0.630324,0,3
4.62306,-178.04,0,0,0,-0.781901,0.623402,0,3
4.36074,-179.08,0,0,0,-0.78687,0.617119,0,3
4.01269,-180.344,0,0,0,-0.79522,0.606321,0,3
3.69241,-181.413,0,0,0,-0.798478,0.602024,0,3
3.29322,-182.682,0,0,0,-0.801866,0.597504,0,3
2.69281,-184.753,0,0,0,-0.797376,0.603483,0,3
2.42906,-185.776,0,0,0,-0.78405,0.620698,0,3
2.23461,-187.084,0,0,0,-0.756708,0.653753,0,3
2.13252,-189.161,0,0,0,-0.699616,0.714519,0,3
2.03451,-190.22,0,0,0,-0.787614,0.616169,0,3
1.62756,-191.39,0,0,0,-0.825591,0.564269,0,3
1.06498,-192.839,0,0,0,-0.824802,0.565421,0,3
0.609568,-193.999,0,0,0,-0.82232,0.569025,0,3
0.210045,-195.135,0,0,0,-0.81132,0.584603,0,3
-0.117835,-196.212,0,0,0,-0.797363,0.6035,0,3
-0.39513,-197.288,0,0,0,-0.786004,0.618222,0,3
-0.638507,-198.36,0,0,0,-0.783235,0.621726,0,3
-0.950837,-199.605,0,0,0,-0.79303,0.609182,0,3
-1.24474,-200.665,0,0,0,-0.80062,0.599173,0,3
-1.56344,-201.741,0,0,0,-0.805028,0.593237,0,3
-1.87925,-202.821,0,0,0,-0.804192,0.594369,0,3
-2.22461,-203.913,0,0,0,-0.808135,0.588997,0,3
-2.64861,-205.207,0,0,0,-0.81018,0.586181,0,3
-3.0173,-206.276,0,0,0,-0.813484,0.581587,0,3
-3.42343,-207.351,0,0,0,-0.818261,0.574847,0,3
-4.19728,-209.245,0,0,0,-0.835128,0.550055,0,3
-4.73861,-210.385,0,0,0,-0.847291,0.531129,0,3
-5.25292,-211.483,0,0,0,-0.836361,0.548179,0,3
-5.66737,-212.55,0,0,0,-0.808517,0.588473,0,3
-6.03609,-213.812,0,0,0,-0.777783,0.628533,0,3
-6.23645,-214.889,0,0,0,-0.756666,0.653802,0,3
-6.42274,-216.205,0,0,0,-0.741,0.671505,0,3
-6.54775,-217.303,0,0,0,-0.736403,0.676543,0,3
-6.67351,-218.359,0,0,0,-0.743368,0.668883,0,3
-6.82492,-219.417,0,0,0,-0.752984,0.658039,0,3
-6.97261,-220.534,0,0,0,-0.749534,0.661966,0,3
-7.14229,-221.793,0,0,0,-0.74699,0.664836,0,3
-7.30649,-223.075,0,0,0,-0.745486,0.666521,0,3
-7.43434,-224.158,0,0,0,-0.747544,0.664212,0,3
-7.59755,-225.257,0,0,0,-0.747586,0.664165,0,3
-7.78201,-226.557,0,0,0,-0.746537,0.665344,0,3
-7.89663,-227.637,0,0,0,-0.745081,0.666974,0,3
-8.04581,-228.699,0,0,0,-0.756743,0.653712,0,3
-8.18524,-229.749,0,0,0,-0.764596,0.64451,0,3
-8.38408,-231.037,0,0,0,-0.757837,0.652444,0,3
-8.63687,-232.073,0,0,0,-0.766226,0.642571,0,3
-8.99407,-233.374,0,0,0,-0.782506,0.622643,0,3
-9.24125,-234.42,0,0,0,-0.776273,0.630397,0,3
-9.50532,-235.694,0,0,0,-0.771005,0.63683,0,3
-9.71608,-236.76,0,0,0,-0.766984,0.641666,0,3
-9.92675,-237.823,0,0,0,-0.765091,0.643922,0,3
-10.1073,-238.891,0,0,0,-0.761268,0.648437,0,3
-10.2829,-239.95,0,0,0,-0.760997,0.648755,0,3
-10.4879,-241.219,0,0,0,-0.761082,0.648656,0,3
-10.6393,-242.309,0,0,0,-0.752178,0.65896,0,3
-10.7717,-243.582,0,0,0,-0.752677,0.65839,0,3
-10.9333,-244.673,0,0,0,-0.756675,0.653791,0,3
-11.1512,-245.932,0,0,0,-0.788599,0.614908,0,3
-12.0003,-247.884,0,0,0,-0.851371,0.524563,0,3
-12.618,-248.939,0,0,0,-0.859697,0.510805,0,3
-13.2011,-250.03,0,0,0,-0.842211,0.539148,0,3
-14.0727,-252.066,0,0,0,-0.811191,0.584782,0,3
-14.5036,-253.366,0,0,0,-0.78583,0.618443,0,3
-14.7307,-254.394,0,0,0,-0.766996,0.641652,0,3
-14.985,-255.644,0,0,0,-0.76733,0.641253,0,3
-15.2923,-257.534,0,0,0,-0.764129,0.645063,0,3
-15.474,-258.796,0,0,0,-0.758393,0.651798,0,3
-15.641,-259.916,0,0,0,-0.756512,0.653979,0,3
-15.8438,-261.228,0,0,0,-0.759817,0.650137,0,3
-16.0208,-262.293,0,0,0,-0.755434,0.655225,0,3
-16.1771,-263.398,0,0,0,-0.754267,0.656567,0,3
-16.384,-264.697,0,0,0,-0.757806,0.652479,0,3
-16.563,-265.774,0,0,0,-0.759007,0.651082,0,3
-16.7855,-267.067,0,0,0,-0.758274,0.651935,0,3
-16.9574,-268.166,0,0,0,-0.757504,0.65283,0,3
-17.1653,-269.481,0,0,0,-0.754474,0.65633,0,3
-17.518,-271.558,0,0,0,-0.759969,0.649959,0,3
-17.707,-272.578,0,0,0,-0.760891,0.64888,0,3
-17.8968,-273.616,0,0,0,-0.761485,0.648183,0,3
-18.1075,-274.86,0,0,0,-0.759458,0.650556,0,3
-18.2934,-275.914,0,0,0,-0.760674,0.649134,0,3
-18.5522,-277.185,0,0,0,-0.766123,0.642694,0,3
-18.7629,-278.261,0,0,0,-0.762084,0.647478,0,3
-19.0036,-279.562,0,0,0,-0.762285,0.647242,0,3
-19.2408,-280.642,0,0,0,-0.783562,0.621313,0,3
-19.808,-282.82,0,0,0,-0.786568,0.617503,0,3
-20.0928,-283.887,0,0,0,-0.785664,0.618653,0,3
-20.3741,-285.002,0,0,0,-0.780953,0.62459,0,3
-20.6622,-286.316,0,0,0,-0.776742,0.629819,0,3
-21.0775,-288.47,0,0,0,-0.765963,0.642885,0,3
-21.3054,-289.548,0,0,0,-0.804383,0.59411,0,3
-21.8371,-290.412,0,0,0,-0.926382,0.376584,0,3
-22.8538,-291.002,0,0,0,-0.992938,0.11863,1,3
-23.9265,-291.072,0,0,0,0.998421,0.0561726,1,3
-24.9716,-290.894,0,0,0,0.995223,0.0976293,1,3
-26.2046,-290.664,0,0,0,0.996996,0.0774517,1,3
-27.2814,-290.548,0,0,0,0.998683,0.0513015,1,3
-28.5974,-290.462,0,0,0,0.999243,0.0389087,1,3
-29.6617,-290.363,0,0,0,0.999025,0.0441485,1,3
-30.732,-290.227,0,0,0,0.99859,0.0530944,1,3
-32.0661,-290.067,0,0,0,0.997632,0.0687828,1,3
-33.1999,-289.894,0,0,0,0.996135,0.0878375,1,3
-34.293,-289.669,0,0,0,0.994185,0.107681,1,3
-35.4665,-289.163,0,0,0,0.950133,0.311844,1,3
-36.1456,-288.358,0,0,0,0.863025,0.505162,1,3
-36.4414,-287.29,0,0,0,0.739746,0.672886,1,3
-36.3573,-286.226,0,0,0,0.652285,0.757974,1,3
-36.1008,-284.911,0,0,0,0.632758,0.774349,1,3
-35.8472,-283.843,0,0,0,0.623254,0.782019,1,3
-35.5861,-282.777,0,0,0,0.624175,0.781285,1,3
-35.33,-281.715,0,0,0,0.632542,0.774526,1,3
-35.0812,-280.444,0,0,0,0.638812,0.769363,1,3
-34.8732,-279.374,0,0,0,0.642244,0.766501,1,3
-34.6622,-278.062,0,0,0,0.648631,0.761103,1,3
-34.3165,-275.827,0,0,0,0.647074,0.762428,1,3
-34.1273,-274.767,0,0,0,0.637892,0.770126,1,3
-33.8543,-273.444,0,0,0,0.642088,0.766631,1,3
-33.649,-272.356,0,0,0,0.646675,0.762766,1,3
-33.3932,-271.024,0,0,0,0.64727,0.762261,1,3
-33.1979,-269.967,0,0,0,0.646827,0.762637,1,3
-33.0292,-268.902,0,0,0,0.651871,0.75833,1,3
-32.8982,-267.852,0,0,0,0.657484,0.753468,1,3
-32.7471,-266.805,0,0,0,0.651664,0.758508,1,3
-32.5165,-265.499,0,0,0,0.643889,0.765119,1,3
-32.3343,-264.431,0,0,0,0.647452,0.762106,1,3
-32.1599,-263.176,0,0,0,0.653495,0.756931,1,3
-32.0198,-262.124,0,0,0,0.654452,0.756104,1,3
-31.8256,-260.857,0,0,0,0.658455,0.75262,1,3
-31.5958,-258.959,0,0,0,0.754708,0.65606,1,3
-31.9826,-257.928,0,0,0,0.882234,0.470812,1,3
-32.7242,-257.151,0,0,0,0.943159,0.332342,1,3
-33.61,-256.425,0,0,0,0.944255,0.329214,1,3
-34.6113,-255.473,0,0,0,0.931637,0.363391,1,3
-36.0706,-254.133,0,0,0,0.944683,0.327986,1,3
-36.9718,-253.421,0,0,0,0.947859,0.31869,1,3
-37.8906,-252.722,0,0,0,0.952335,0.305054,1,3
-38.8565,-252.057,0,0,0,0.96039,0.278659,1,3
-39.7839,-251.496,0,0,0,0.965187,0.261561,1,3
-41.2146,-250.711,0,0,0,0.968346,0.249611,1,3
-43.1237,-249.684,0,0,0,0.971177,0.238358,1,3
-44.1069,-249.18,0,0,0,0.972995,0.230826,1,3
-45.0898,-248.703,0,0,0,0.975788,0.218717,1,3
-46.3333,-248.108,0,0,0,0.97677,0.214289,1,3
-47.302,-247.662,0,0,0,0.976875,0.213813,1,3
-48.4719,-247.126,0,0,0,0.980212,0.197949,1,3
-49.6074,-246.68,0,0,0,0.985324,0.170692,1,3
-50.7308,-246.334,0,0,0,0.991118,0.132989,1,3
-51.8869,-246.055,0,0,0,0.994872,0.10114,1,3
-53.0374,-245.828,0,0,0,0.99543,0.0954915,1,3
-55.1036,-245.446,0,0,0,0.995894,0.0905254,1,3
-56.2641,-245.227,0,0,0,0.996169,0.0874477,1,3
-57.3755,-245.007,0,0,0,0.99557,0.0940208,1,3
-58.5169,-244.721,0,0,0,0.985661,0.168736,1,3
-59.913,-243.373,0,0,0,0.807835,0.589408,1,3
-60.011,-242.046,0,0,0,0.64712,0.762388,1,3
-59.7654,-240.91,0,0,0,0.614237,0.789121,1,3
-59.4967,-239.772,0,0,0,0.614989,0.788536,1,3
-58.9457,-237.682,0,0,0,0.620566,0.784154,1,3
-58.6712,-236.52,0,0,0,0.629927,0.776654,1,3
-58.4306,-235.31,0,0,0,0.641811,0.766863,1,3
-58.2405,-234.069,0,0,0,0.649236,0.760587,1,3
-58.1278,-232.913,0,0,0,0.738126,0.674663,1,3
-59.1364,-231.476,0,0,0,0.976983,0.213316,1,3
-60.3063,-231.223,0,0,0,0.994873,0.101132,1,3
-61.4975,-231.021,0,0,0,0.99495,0.100376,1,3
-62.5131,-230.776,0,0,0,0.989712,0.143071,1,3
-63.7445,-230.34,0,0,0,0.986842,0.161686,1,3
-64.7526,-230.008,0,0,0,0.990135,0.140114,1,3
-65.945,-229.705,0,0,0,0.994021,0.109194,1,3
-66.9737,-229.473,0,0,0,0.993567,0.113245,1,3
-67.9581,-229.215,0,0,0,0.993543,0.113455,1,3
-69.1759,-228.94,0,0,0,0.994532,0.104435,1,3
-70.3468,-228.715,0,0,0,0.996339,0.0854919,1,3
-71.5559,-228.472,0,0,0,0.995853,0.0909797,1,3
-72.7772,-228.245,0,0,0,0.997081,0.0763552,1,3
-74.9241,-227.966,0,0,0,0.998605,0.0528017,1,3
-76.1038,-227.815,0,0,0,0.998614,0.0526243,1,3
-77.2769,-227.829,0,0,0,-0.992946,0.118565,1,3
-78.7627,-229.179,0,0,0,-0.834698,0.550708,1,3
-79.0591,-230.218,0,0,0,-0.764673,0.644418,1,3
-79.2399,-231.219,0,0,0,-0.763442,0.645876,1,3
-79.4538,-232.452,0,0,0,-0.756414,0.654093,1,3
-79.6721,-233.704,0,0,0,-0.756023,0.654545,1,3
-79.6742,-234.812,0,0,0,-0.607782,0.794104,1,3
-78.4536,-236.095,0,0,0,-0.242823,0.970071,1,3
-77.4174,-236.523,0,0,0,-0.185236,0.982694,1,3
-76.3247,-236.95,0,0,0,-0.18521,0.982699,1,3
-75.2837,-237.431,0,0,0,-0.234429,0.972133,1,3
-74.1924,-238.119,0,0,0,-0.313411,0.949617,1,3
-73.2943,-238.886,0,0,0,-0.374229,0.927336,1,3
-72.395,-239.928,0,0,0,-0.435023,0.900419,1,3
-71.8162,-240.832,0,0,0,-0.515239,0.857046,1,3
-71.4969,-241.844,0,0,0,-0.658463,0.752613,1,3
-71.6577,-244.066,0,0,0,-0.773614,0.633658,1,3
-71.9283,-245.329,0,0,0,-0.782446,0.622718,1,3
-72.2488,-246.643,0,0,0,-0.782538,0.622603,1,3
-72.4902,-247.641,0,0,0,-0.777203,0.62925,1,3
-72.7965,-248.927,0,0,0,-0.775963,0.630779,1,3
-73.0724,-249.942,0,0,0,-0.822281,0.569082,1,3
-73.9836,-251.77,0,0,0,-0.855769,0.517358,1,3
-74.6714,-253.012,0,0,0,-0.861184,0.508293,1,3
-75.2,-253.954,0,0,0,-0.866908,0.498467,1,3
-75.7573,-254.852,0,0,0,-0.875612,0.483015,1,3
-76.43,-255.857,0,0,0,-0.883868,0.467736,1,3
-77.0249,-256.692,0,0,0,-0.887818,0.460196,1,3
-77.6659,-257.575,0,0,0,-0.887082,0.461613,1,3
-78.4346,-258.688,0,0,0,-0.879585,0.475742,1,3
-79.0228,-259.586,0,0,0,-0.876966,0.480553,1,3
-79.7279,-260.742,0,0,0,-0.864227,0.503102,1,3
-80.5812,-262.555,0,0,0,-0.805909,0.592039,1,3
-80.9129,-263.841,0,0,0,-0.774139,0.633015,1,3
-81.1862,-265.129,0,0,0,-0.766899,0.641767,1,3
-81.5611,-267.318,0,0,0,-0.761328,0.648367,1,3
-81.9452,-269.332,0,0,0,-0.770969,0.636873,1,3
-82.1847,-270.605,0,0,0,-0.76705,0.641587,1,3
-82.411,-271.829,0,0,0,-0.765974,0.642871,1,3
-82.7587,-273.835,0,0,0,-0.761686,0.647946,1,3
-82.9667,-275.076,0,0,0,-0.75788,0.652394,1,3
-83.1435,-276.348,0,0,0,-0.753087,0.657921,1,3
-83.318,-277.624,0,0,0,-0.750856,0.660466,1,3
-83.4502,-278.696,0,0,0,-0.748623,0.662996,1,3
-83.5843,-279.747,0,0,0,-0.748778,0.662821,1,3
-83.7469,-281.061,0,0,0,-0.746367,0.665535,1,3
-83.8958,-282.385,0,0,0,-0.741607,0.670835,1,3
-84.0278,-283.632,0,0,0,-0.739218,0.673466,1,3
-84.1341,-284.637,0,0,0,-0.735013,0.678053,1,3
-84.2231,-285.837,0,0,0,-0.719084,0.694923,1,3
-84.1361,-288.038,0,0,0,-0.653618,0.756825,1,3
-83.8978,-289.326,0,0,0,-0.609003,0.793168,1,3
-83.1587,-291.41,0,0,0,-0.537468,0.843284,1,3
-82.7068,-292.379,0,0,0,-0.518275,0.855214,1,3
-82.1326,-293.541,0,0,0,-0.522528,0.852622,1,3
-81.6792,-294.509,0,0,0,-0.525632,0.850712,1,3
-81.1407,-295.608,0,0,0,-0.527296,0.849681,1,3
-80.7034,-296.555,0,0,0,-0.5265,0.850175,1,3
-80.1647,-297.711,0,0,0,-0.527256,0.849707,1,3
-79.7202,-298.701,0,0,0,-0.531552,0.847026,1,3
-79.3017,-299.687,0,0,0,-0.559412,0.82889,1,3
-78.9529,-300.749,0,0,0,-0.596751,0.802426,1,3
-78.6569,-302.069,0,0,0,-0.637247,0.77066,1,3
-78.5089,-303.177,0,0,0,-0.6716,0.740914,1,3
-78.4815,-304.53,0,0,0,-0.706922,0.707291,1,3
-78.5514,-305.714,0,0,0,-0.733578,0.679605,1,3
-78.8821,-307.894,0,0,0,-0.771474,0.63626,1,3
-79.3698,-310.254,0,0,0,-0.760532,0.6493,1,3
-79.6335,-312.191,0,0,0,-0.741711,0.67072,1,3
-79.7983,-313.368,0,0,0,-0.757073,0.65333,1,3
-80.1915,-314.589,0,0,0,-0.863237,0.504799,1,3
-80.8043,-315.42,0,0,0,-0.913682,0.40643,1,3
-81.8689,-316.296,0,0,0,-0.957994,0.286788,1,3
-82.8242,-316.788,0,0,0,-0.97902,0.203764,1,3
-83.8402,-317.097,0,0,0,-0.993049,0.117703,1,3
-84.9047,-317.295,0,0,0,-0.994708,0.102744,1,3
-85.9159,-317.519,0,0,0,-0.993097,0.117295,1,3
-87.1603,-317.794,0,0,0,-0.993561,0.113302,1,3
-88.4457,-318.065,0,0,0,-0.993568,0.113238,1,3
-89.5275,-318.306,0,0,0,-0.993211,0.116324,1,3
-90.61,-318.575,0,0,0,-0.992194,0.124703,1,3
-91.6719,-318.858,0,0,0,-0.991982,0.126379,1,3
-92.7303,-319.154,0,0,0,-0.990368,0.138461,1,3
-94.0246,-319.542,0,0,0,-0.98832,0.152394,1,3
-95.1159,-319.869,0,0,0,-0.987534,0.157403,1,3
-96.4296,-320.287,0,0,0,-0.980172,0.19815,1,3
-97.4176,-320.876,0,0,0,-0.93638,0.350987,1,3
-98.1237,-321.715,0,0,0,-0.866852,0.498565,1,3
-98.6137,-322.786,0,0,0,-0.82742,0.561584,1,3
-98.9441,-323.814,0,0,0,-0.799097,0.601202,1,3
-99.2511,-325.012,0,0,0,-0.782196,0.623033,1,3
-99.7081,-327.149,0,0,0,-0.772511,0.635002,1,3
-99.9796,-328.369,0,0,0,-0.781942,0.623351,1,3
-100.297,-329.594,0,0,0,-0.796794,0.604251,1,3
-100.616,-330.591,0,0,0,-0.832886,0.553445,1,3
-101.231,-331.399,0,0,0,-0.954912,0.296889,1,3
-102.284,-331.714,0,0,0,0.999999,0.00149521,1,3
-103.455,-331.587,0,0,0,0.996163,0.0875213,1,3
-105.567,-331.114,0,0,0,0.991204,0.132346,1,3
-106.834,-330.74,0,0,0,0.99157,0.129572,1,3
-107.71,-330.757,0,0,0,-0.982887,0.18421,1,3
-108.653,-332.087,0,0,0,-0.777317,0.629109,1,3
-108.957,-333.524,0,0,0,-0.761203,0.648514,1,3
-109.288,-335.638,0,0,0,-0.763765,0.645494,1,3
-109.49,-336.826,0,0,0,-0.76431,0.644849,1,3
-109.669,-337.993,0,0,0,-0.769517,0.638626,1,3
-109.858,-339.211,0,0,0,-0.761694,0.647937,1,3
-110.04,-340.402,0,0,0,-0.756657,0.653812,1,3
-110.129,-341.563,0,0,0,-0.690812,0.723035,1,3
-109.351,-343.54,0,0,0,-0.407372,0.913262,1,3
-107.546,-344.518,0,0,0,-0.121194,0.992629,1,3
-106.281,-344.748,0,0,0,-0.0739842,0.997259,1,3
-105.266,-344.923,0,0,0,-0.0754767,0.997148,1,3
-103.98,-345.131,0,0,0,-0.071719,0.997425,1,3
-102.984,-345.278,0,0,0,-0.0725022,0.997368,1,3
-101.748,-345.511,0,0,0,-0.0782132,0.996937,1,3
-99.3484,-345.824,0,0,0,-0.0465945,0.998914,1,3
-97.1859,-345.989,0,0,0,-0.03437,0.999409,1,3
-95.9557,-346.102,0,0,0,-0.057987,0.998317,1,3
-94.9125,-346.277,0,0,0,-0.0917306,0.995784,1,3
-93.6483,-346.516,0,0,0,-0.0640665,0.997946,1,3
-91.7391,-346.764,0,0,0,-0.0519698,0.998649,1,3
-90.3889,-346.906,0,0,0,-0.0494927,0.998774,1,3
-88.2413,-347.139,0,0,0,-0.0524266,0.998625,1,3
-87.0606,-347.326,0,0,0,-0.0779165,0.99696,1,3
-85.7764,-347.553,0,0,0,-0.0873011,0.996182,1,3
-84.7617,-347.756,0,0,0,-0.0889526,0.996036,0,3
-82.7004,-348.186,0,0,0,-0.109443,0.993993,0,3
-81.6314,-348.416,0,0,0,-0.103549,0.994624,0,3
-80.3131,-348.679,0,0,0,-0.101596,0.994826,0,3
-79.2104,-348.87,0,0,0,-0.0951543,0.995463,0,3
-77.7908,-349.206,0,0,0,-0.215457,0.976513,0,3
-76.9147,-349.776,0,0,0,-0.370091,0.928996,0,3
-76.1565,-350.645,0,0,0,-0.501172,0.865348,0,3
-75.6394,-351.853,0,0,0,-0.619904,0.784677,0,3
-75.4638,-352.96,0,0,0,-0.682785,0.73062,0,3
-75.6169,-355.359,0,0,0,-0.735618,0.677396,0,3
-75.8396,-357.289,0,0,0,-0.737187,0.675689,0,3
-75.977,-358.528,0,0,0,-0.740151,0.672441,0,3
-76.1544,-359.726,0,0,0,-0.764787,0.644283,0,3
-76.3743,-360.742,0,0,0,-0.756899,0.653532,0,3
-76.6188,-361.992,0,0,0,-0.761492,0.648174,0,3
-76.893,-363.263,0,0,0,-0.772184,0.635399,0,3
-77.1237,-364.262,0,0,0,-0.771127,0.636681,0,3
-77.422,-365.519,0,0,0,-0.777511,0.628869,0,3
-77.7474,-367.656,0,0,0,-0.74292,0.66938,0,3
-77.9407,-368.826,0,0,0,-0.761625,0.648018,0,3
-78.3447,-371.056,0,0,0,-0.768631,0.639692,0,3
-78.5519,-372.302,0,0,0,-0.763815,0.645435,0,3
-78.9328,-374.529,0,0,0,-0.759878,0.650065,0,3
-79.0872,-375.541,0,0,0,-0.754511,0.656287,0,3
-79.2399,-376.798,0,0,0,-0.747214,0.664584,0,3
-79.3931,-378.026,0,0,0,-0.753086,0.657922,0,3
-79.5829,-379.266,0,0,0,-0.75523,0.65546,0,3
-79.7448,-380.286,0,0,0,-0.757564,0.652761,0,3
-79.9411,-381.493,0,0,0,-0.755884,0.654706,0,3
-80.0791,-382.663,0,0,0,-0.734056,0.679089,0,3
-80.302,-384.754,0,0,0,-0.752836,0.658208,0,3
-80.483,-386.899,0,0,0,-0.715339,0.698777,0,3
-80.5824,-388.094,0,0,0,-0.74407,0.668102,0,3
-80.7506,-389.304,0,0,0,-0.74984,0.66162,0,3
-80.8774,-390.507,0,0,0,-0.730765,0.682629,0,3
-80.9834,-391.751,0,0,0,-0.728688,0.684846,0,3
-81.0453,-392.762,0,0,0,-0.727198,0.686428,0,3
-81.1346,-394.027,0,0,0,-0.727485,0.686124,0,3
-81.2155,-395.22,0,0,0,-0.724285,0.689501,0,3
-81.2991,-396.435,0,0,0,-0.728422,0.685128,0,3
-81.3922,-397.638,0,0,0,-0.728292,0.685267,0,3
-81.5886,-399.691,0,0,0,-0.740026,0.672578,0,3
-81.7467,-400.806,0,0,0,-0.747678,0.664061,0,3
-81.9299,-402.038,0,0,0,-0.750661,0.660688,0,3
-82.0798,-403.083,0,0,0,-0.750885,0.660433,0,3
-82.2866,-404.39,0,0,0,-0.751801,0.65939,0,3
-82.4636,-405.575,0,0,0,-0.754384,0.656433,0,3
-82.6386,-406.786,0,0,0,-0.747512,0.664249,0,3
-82.7916,-407.953,0,0,0,-0.748943,0.662635,0,3
-82.9546,-409.06,0,0,0,-0.748911,0.66267,0,3
-83.1094,-410.142,0,0,0,-0.747855,0.663863,0,3
-83.2452,-411.168,0,0,0,-0.748581,0.663043,0,3
-83.5144,-413.227,0,0,0,-0.7458,0.66617,0,3
-83.6532,-414.484,0,0,0,-0.743584,0.668643,0,3
-83.8921,-416.883,0,0,0,-0.736135,0.676835,0,3
-84.0971,-419.213,0,0,0,-0.741088,0.671408,0,3
-84.3204,-421.016,0,0,0,-0.745427,0.666587,0,3
-84.5026,-422.215,0,0,0,-0.758349,0.651849,0,3
-84.7187,-423.306,0,0,0,-0.771808,0.635855,0,3
-84.9874,-424.427,0,0,0,-0.787704,0.616054,0,3
-85.3317,-425.674,0,0,0,-0.793996,0.607923,0,3
-85.6085,-426.664,0,0,0,-0.789791,0.613376,0,3
-85.8696,-427.664,0,0,0,-0.787522,0.616287,0,3
-86.172,-428.962,0,0,0,-0.774518,0.632551,0,3
-86.4337,-430.285,0,0,0,-0.767674,0.64084,0,3
-86.6609,-431.503,0,0,0,-0.763035,0.646357,0,3
-86.8419,-432.508,0,0,0,-0.762543,0.646937,0,3
-87.0352,-433.676,0,0,0,-0.75635,0.654168,0,3
-87.21,-434.835,0,0,0,-0.755272,0.655412,0,3
-87.3856,-436.022,0,0,0,-0.754254,0.656583,0,3
-87.5632,-437.19,0,0,0,-0.750246,0.661158,0,3
-87.7009,-438.185,0,0,0,-0.750557,0.660806,0,3
-87.8743,-439.32,0,0,0,-0.749819,0.661643,0,3
-88.0717,-440.709,0,0,0,-0.751941,0.659231,0,3
-88.3196,-442.593,0,0,0,-0.74669,0.665172,0,3
-88.4897,-444.016,0,0,0,-0.744973,0.667095,0,3
-88.7427,-446.138,0,0,0,-0.744849,0.667233,0,3
-88.8984,-447.297,0,0,0,-0.749042,0.662522,0,3
-89.0663,-448.524,0,0,0,-0.747276,0.664514,0,3
-89.233,-449.697,0,0,0,-0.753338,0.657633,0,3
-89.6144,-451.727,0,0,0,-0.770077,0.637951,0,3
-89.8581,-452.851,0,0,0,-0.776794,0.629755,0,3
-90.4052,-455.028,0,0,0,-0.796211,0.605019,0,3
-91.022,-457.255,0,0,0,-0.792512,0.609856,0,3
-91.2723,-458.272,0,0,0,-0.78076,0.624831,0,3
-91.5379,-459.549,0,0,0,-0.7697,0.638406,0,3
-91.7477,-460.7,0,0,0,-0.755654,0.654971,0,3
-91.9147,-461.887,0,0,0,-0.747592,0.664159,0,3
-92.068,-463.083,0,0,0,-0.748362,0.66329,0,3
-92.3744,-465.18,0,0,0,-0.75306,0.657952,0,3
-92.7365,-467.441,0,0,0,-0.755384,0.655282,0,3
-92.9207,-468.663,0,0,0,-0.748841,0.66275,0,3
-93.1734,-470.77,0,0,0,-0.740447,0.672115,0,3
-93.28,-471.908,0,0,0,-0.738457,0.6743,0,3
-93.4116,-473.102,0,0,0,-0.740186,0.672403,0,3
-93.732,-475.198,0,0,0,-0.767858,0.64062,0,3
-94.1575,-477.284,0,0,0,-0.770028,0.63801,0,3
-94.3997,-478.504,0,0,0,-0.769272,0.638922,0,3
-94.847,-480.591,0,0,0,-0.770445,0.637506,0,3
-95.2907,-482.962,0,0,0,-0.759516,0.650489,0,3
-95.5998,-484.889,0,0,0,-0.755822,0.654778,0,3
-95.8148,-486.102,0,0,0,-0.768483,0.639871,0,3
-96.0839,-487.378,0,0,0,-0.773623,0.633646,0,3
-96.4238,-489.256,0,0,0,-0.754229,0.656612,0,3
-96.5859,-490.422,0,0,0,-0.75284,0.658203,0,3
-96.7573,-491.58,0,0,0,-0.758852,0.651263,0,3
-96.9189,-492.591,0,0,0,-0.757609,0.652709,0,3
-97.0954,-493.648,0,0,0,-0.760408,0.649446,0,3
-97.3398,-494.872,0,0,0,-0.767819,0.640667,0,3
-97.7469,-496.782,0,0,0,-0.761999,0.647579,0,3
-97.9418,-498.011,0,0,0,-0.74938,0.662141,0,3
-98.0644,-499.208,0,0,0,-0.731402,0.681947,0,3
-98.1593,-501.397,0,0,0,-0.702331,0.71185,0,3
-98.1432,-502.522,0,0,0,-0.701134,0.713029,0,3
-98.2436,-504.658,0,0,0,-0.731923,0.681387,0,3
-98.3763,-505.915,0,0,0,-0.747695,0.664042,0,3
-98.5195,-506.95,0,0,0,-0.753752,0.657159,0,3
-98.739,-508.226,0,0,0,-0.761586,0.648063,0,3
-98.9259,-509.268,0,0,0,-0.772164,0.635423,0,3
-99.2001,-510.327,0,0,0,-0.804104,0.594488,0,3
-99.6019,-511.419,0,0,0,-0.827432,0.561566,0,3
-100.051,-512.458,0,0,0,-0.825133,0.564939,0,3
-100.365,-513.573,0,0,0,-0.789029,0.614356,0,3
-100.632,-514.96,0,0,0,-0.761596,0.648052,0,3
-100.986,-517.115,0,0,0,-0.761066,0.648674,0,3
-101.174,-518.193,0,0,0,-0.764173,0.645011,0,3
-101.373,-519.253,0,0,0,-0.765179,0.643817,0,3
-101.616,-520.599,0,0,0,-0.764845,0.644215,0,3
-101.785,-521.605,0,0,0,-0.755028,0.655693,0,3
-101.893,-522.866,0,0,0,-0.723554,0.690267,0,3
-101.957,-523.888,0,0,0,-0.73784,0.674975,0,3
-102.117,-525.215,0,0,0,-0.759586,0.650407,0,3
-102.285,-526.272,0,0,0,-0.771027,0.636802,0,3
-102.506,-527.408,0,0,0,-0.770266,0.637723,0,3
-102.761,-528.737,0,0,0,-0.756538,0.65395,0,3
-103.079,-530.895,0,0,0,-0.752762,0.658292,0,3
-103.248,-531.946,0,0,0,-0.756161,0.654385,0,3
-103.432,-533.248,0,0,0,-0.751608,0.65961,0,3
-103.593,-534.297,0,0,0,-0.753954,0.656927,0,3
-103.802,-535.627,0,0,0,-0.760827,0.648955,0,3
-103.985,-536.691,0,0,0,-0.771791,0.635877,0,3
-104.195,-537.755,0,0,0,-0.77571,0.63109,0,3
-104.448,-538.837,0,0,0,-0.777716,0.628615,0,3
-104.717,-539.911,0,0,0,-0.778893,0.627156,0,3
-104.989,-541.006,0,0,0,-0.779028,0.626989,0,3
-105.28,-542.404,0,0,0,-0.774184,0.63296,0,3
-105.495,-543.482,0,0,0,-0.77164,0.636059,0,3
-105.67,-544.553,0,0,0,-0.766209,0.642592,0,3
-105.892,-545.89,0,0,0,-0.761662,0.647975,0,3
-106.243,-548.083,0,0,0,-0.760465,0.649379,0,3
-106.437,-549.191,0,0,0,-0.762448,0.647049,0,3
-106.642,-550.296,0,0,0,-0.765194,0.643799,0,3
-106.902,-551.442,0,0,0,-0.77085,0.637017,0,3
-107.188,-552.808,0,0,0,-0.766888,0.64178,0,3
-107.607,-554.982,0,0,0,-0.768418,0.639948,0,3
-107.803,-556.069,0,0,0,-0.767827,0.640657,0,3
-108.001,-557.152,0,0,0,-0.776521,0.630091,0,3
-108.24,-558.264,0,0,0,-0.776786,0.629765,0,3
-108.507,-559.41,0,0,0,-0.778453,0.627703,0,3
-108.76,-560.574,0,0,0,-0.774892,0.632094,0,3
-109.056,-561.989,0,0,0,-0.77313,0.634247,0,3
-109.378,-564.025,0,0,0,-0.768547,0.639794,0,3
-109.595,-565.147,0,0,0,-0.769811,0.638272,0,3
-109.812,-566.273,0,0,0,-0.770201,0.637802,0,3
-110.05,-567.403,0,0,0,-0.772644,0.63484,0,3
-110.375,-568.815,0,0,0,-0.778332,0.627854,0,3
-110.599,-569.892,0,0,0,-0.757743,0.652553,0,3
-110.735,-570.93,0,0,0,-0.733401,0.679797,0,3
-110.82,-571.962,0,0,0,-0.738692,0.674044,0,3
-110.992,-573.229,0,0,0,-0.762778,0.646661,0,3
-111.184,-574.278,0,0,0,-0.77456,0.632501,0,3
-111.469,-575.377,0,0,0,-0.779714,0.626136,0,3
-111.794,-576.483,0,0,0,-0.782822,0.622246,0,3
-112.116,-577.617,0,0,0,-0.773611,0.633661,0,3
-112.331,-578.994,0,0,0,-0.744734,0.667362,0,3
-112.487,-580.116,0,0,0,-0.752492,0.658601,0,3
-112.795,-581.554,0,0,0,-0.796572,0.604543,0,3
-113.132,-582.731,0,0,0,-0.802408,0.596776,0,3
-113.468,-583.914,0,0,0,-0.798726,0.601695,0,3
-113.912,-585.905,0,0,0,-0.77007,0.637959,0,3
-114.154,-587.175,0,0,0,-0.76779,0.640702,0,3
-114.742,-589.405,0,0,0,-0.798704,0.601724,0,3
-115.119,-591.43,0,0,0,-0.751773,0.659422,0,3
-115.335,-592.925,0,0,0,-0.763684,0.64559,0,3
-115.717,-595.253,0,0,0,-0.760752,0.649043,0,3
-115.907,-596.37,0,0,0,-0.760056,0.649858,0,3
-116.105,-597.53,0,0,0,-0.757392,0.65296,0,3
-116.27,-598.654,0,0,0,-0.75121,0.660063,0,3
-116.536,-600.66,0,0,0,-0.749413,0.662103,0,3
-116.715,-602.108,0,0,0,-0.746046,0.665895,0,3
-116.977,-604.145,0,0,0,-0.749243,0.662295,0,3
-117.18,-605.339,0,0,0,-0.771272,0.636506,0,3
-117.423,-606.433,0,0,0,-0.78367,0.621178,0,3
-117.697,-607.812,0,0,0,-0.730183,0.683252,0,3
-117.597,-608.826,0,0,0,-0.598115,0.801411,0,3
-117.076,-609.752,0,0,0,-0.37791,0.925842,0,3
-115.706,-610.402,0,0,0,-0.166959,0.985964,0,3
-114.596,-610.723,0,0,0,-0.131833,0.991272,0,3
-113.419,-611.041,0,0,0,-0.131184,0.991358,0,3
-112.247,-611.386,0,0,0,-0.121576,0.992582,0,3
-110.285,-611.872,0,0,0,-0.101068,0.99488,0,3
-108.918,-612.207,0,0,0,-0.110004,0.993931,0,3
-107.725,-612.49,0,0,0,-0.102904,0.994691,0,3
-106.531,-612.802,0,0,0,-0.127346,0.991858,0,3
-105.341,-613.134,0,0,0,-0.123643,0.992327,0,3
-103.457,-613.635,0,0,0,-0.117415,0.993083,0,3
-102.051,-614.005,0,0,0,-0.134966,0.99085,0,3
-99.9002,-614.722,0,0,0,-0.168649,0.985676,0,3
-98.7871,-615.155,0,0,0,-0.198333,0.980135,0,3
-97.5931,-615.751,0,0,0,-0.245099,0.969498,0,3
-96.6643,-616.364,0,0,0,-0.288771,0.957398,0,3
-95.6171,-617.157,0,0,0,-0.335991,0.941865,0,3
-94.1354,-618.694,0,0,0,-0.412726,0.910855,0,3
-93.3187,-619.703,0,0,0,-0.443558,0.896246,0,3
-92.0418,-621.5,0,0,0,-0.454195,0.890902,0,3
-91.4153,-622.401,0,0,0,-0.452833,0.891596,0,3
-90.6472,-623.433,0,0,0,-0.447611,0.894228,0,3
-89.9956,-624.291,0,0,0,-0.441127,0.897445,0,3
-89.2147,-625.336,0,0,0,-0.43672,0.899598,0,3
-88.5654,-626.17,0,0,0,-0.431536,0.902096,0,3
-87.7458,-627.161,0,0,0,-0.416857,0.908972,0,3
-86.3784,-628.516,0,0,0,-0.341527,0.939872,0,3
-85.299,-629.319,0,0,0,-0.283006,0.959118,0,3
-84.3655,-629.908,0,0,0,-0.258544,0.966,0,3
-83.2143,-630.526,0,0,0,-0.240841,0.970565,0,3
-82.2263,-631.006,0,0,0,-0.209765,0.977752,0,3
-80.9435,-631.542,0,0,0,-0.164107,0.986443,0,3
-79.8179,-631.913,0,0,0,-0.147343,0.989086,0,3
-78.726,-632.275,0,0,0,-0.143667,0.989626,0,3
-77.5939,-632.617,0,0,0,-0.139298,0.99025,0,3
-75.5445,-633.225,0,0,0,-0.132831,0.991139,0,3
-74.3694,-633.469,0,0,0,-0.0843857,0.996433,0,3
-73.1367,-633.583,0,0,0,-0.0261024,0.999659,0,3
-72.0793,-633.624,0,0,0,-0.00324672,0.999995,0,3
-70.9937,-633.591,0,0,0,0.0243896,0.999703,0,3
-69.7769,-633.523,0,0,0,0.0497287,0.998763,0,3
-68.5767,-633.382,0,0,0,0.069319,0.997595,0,3
-67.3985,-633.197,0,0,0,0.0879764,0.996123,0,3
-66.2764,-632.96,0,0,0,0.111042,0.993816,0,3
-64.9538,-632.602,0,0,0,0.140122,0.990134,0,3
-63.9512,-632.304,0,0,0,0.159103,0.987262,0,3
-62.7726,-631.904,0,0,0,0.159774,0.987154,0,3
-61.7717,-631.606,0,0,0,0.143467,0.989655,0,3
-60.5238,-631.254,0,0,0,0.138109,0.990417,0,3
-59.5093,-630.953,0,0,0,0.157401,0.987535,0,3
-58.3416,-630.544,0,0,0,0.170934,0.985282,0,3
-57.3586,-630.204,0,0,0,0.165985,0.986128,0,3
-56.1302,-629.754,0,0,0,0.180995,0.983484,0,3
-55.2003,-629.359,0,0,0,0.200881,0.979616,0,3
-53.9667,-628.756,0,0,0,0.231153,0.972917,0,3
-52.8485,-628.136,0,0,0,0.271042,0.962567,0,3
-51.9171,-627.497,0,0,0,0.312995,0.949755,0,3
-51.0237,-626.85,0,0,0,0.341144,0.940011,0,3
-50.1443,-626.183,0,0,0,0.335119,0.942176,0,3
-49.1432,-625.401,0,0,0,0.360864,0.932618,0,3
-48.348,-624.627,0,0,0,0.401662,0.915788,0,3
-47.5235,-623.663,0,0,0,0.442841,0.8966,0,3
-46.1847,-621.727,0,0,0,0.482391,0.875956,0,3
-45.622,-620.823,0,0,0,0.478608,0.878029,0,3
-44.9894,-619.929,0,0,0,0.473524,0.880781,0,3
-44.3849,-619.065,0,0,0,0.46694,0.884289,0,3
-43.7684,-618.197,0,0,0,0.464456,0.885596,0,3
-42.8955,-617.012,0,0,0,0.469243,0.883069,0,3
-42.299,-616.138,0,0,0,0.473535,0.880775,0,3
-41.1376,-614.351,0,0,0,0.499126,0.86653,0,3
-40.498,-613.226,0,0,0,0.516181,0.856479,0,3
-40.0025,-612.296,0,0,0,0.534783,0.844989,0,3
-39.5654,-611.313,0,0,0,0.551009,0.834499,0,3
-39.0741,-610.143,0,0,0,0.567751,0.8232,0,3
-38.3582,-608.025,0,0,0,0.591605,0.806228,0,3
-37.8557,-605.979,0,0,0,0.616874,0.787062,0,3
-37.4847,-603.544,0,0,0,0.651456,0.758686,0,3
-37.3572,-602.316,0,0,0,0.645193,0.76402,0,3
-37.1747,-601.169,0,0,0,0.645677,0.763611,0,3
-36.7761,-599.151,0,0,0,0.624119,0.781329,0,3
-36.4431,-598.111,0,0,0,0.61339,0.78978,0,3
-36.0025,-597.024,0,0,0,0.600294,0.799779,0,3
-35.5714,-595.904,0,0,0,0.593137,0.805102,0,3
-35.1988,-594.807,0,0,0,0.595656,0.80324,0,3
-34.819,-593.633,0,0,0,0.594282,0.804256,0,3
-34.0667,-591.517,0,0,0,0.590928,0.806724,0,3
-33.6431,-590.337,0,0,0,0.586453,0.809983,0,3
-33.1438,-589.064,0,0,0,0.579697,0.814832,0,3
-32.6272,-587.786,0,0,0,0.563125,0.826371,0,3
-32.0069,-586.441,0,0,0,0.526521,0.850162,0,3
-31.4183,-585.371,0,0,0,0.499869,0.866101,0,3
-30.8471,-584.417,0,0,0,0.49362,0.869678,0,3
-30.1408,-583.249,0,0,0,0.490711,0.871323,0,3
-29.5768,-582.27,0,0,0,0.495688,0.868501,0,3
-28.918,-581.138,0,0,0,0.499271,0.866446,0,3
-28.3505,-580.16,0,0,0,0.499021,0.86659,0,3
-27.6962,-579.043,0,0,0,0.497408,0.867517,0,3
-27.1413,-578.12,0,0,0,0.500104,0.865965,0,3
-26.5792,-577.201,0,0,0,0.499108,0.86654,0,3
-25.8987,-576.129,0,0,0,0.497777,0.867305,0,3
-24.6678,-574.312,0,0,0,0.49281,0.870137,0,3
-24.0788,-573.407,0,0,0,0.485203,0.874402,0,3
-23.4303,-572.324,0,0,0,0.489743,0.871867,0,3
-22.8832,-571.4,0,0,0,0.495641,0.868527,0,3
-22.1908,-570.269,0,0,0,0.494453,0.869204,0,3
-21.6427,-569.325,0,0,0,0.495507,0.868604,0,3
-21.1244,-568.396,0,0,0,0.496042,0.868299,0,3
-20.4351,-567.276,0,0,0,0.480301,0.877104,0,3
-19.1624,-565.428,0,0,0,0.471997,0.8816,0,3
-18.5506,-564.526,0,0,0,0.473734,0.880668,0,3
-17.7881,-563.463,0,0,0,0.472983,0.881072,0,3
-17.1721,-562.573,0,0,0,0.479029,0.877799,0,3
-16.4895,-561.48,0,0,0,0.499673,0.866214,0,3
-15.9492,-560.533,0,0,0,0.53463,0.845086,0,3
-15.5007,-559.439,0,0,0,0.570729,0.821139,0,3
-15.1306,-558.335,0,0,0,0.581526,0.813528,0,3
-14.7475,-557.155,0,0,0,0.602863,0.797845,0,3
-14.2023,-555.247,0,0,0,0.619516,0.784984,0,3
-13.8424,-554.063,0,0,0,0.61735,0.786689,0,3
-13.5347,-552.882,0,0,0,0.632212,0.774795,0,3
-13.3617,-551.86,0,0,0,0.674979,0.737837,0,3
-13.2676,-550.742,0,0,0,0.715372,0.698744,0,3
-13.3816,-549.3,0,0,0,0.735425,0.677606,0,3
-14.1873,-547.022,0,0,0,0.782415,0.622758,0,3
-14.8156,-546.168,0,0,0,0.813217,0.581961,0,3
-15.8283,-544.932,0,0,0,0.86018,0.509991,0,3
-16.7828,-543.886,0,0,0,0.885445,0.464745,0,3
-17.5035,-542.944,0,0,0,0.896365,0.443316,0,3
-18.2294,-542.023,0,0,0,0.900133,0.435615,0,3
-19.5012,-540.408,0,0,0,0.903706,0.428154,0,3
-20.4899,-539.176,0,0,0,0.908849,0.417126,0,3
-21.7831,-537.693,0,0,0,0.923507,0.383581,0,3
-22.948,-536.593,0,0,0,0.94071,0.339213,0,3
-23.8334,-535.977,0,0,0,0.961085,0.276252,0,3
-24.7458,-535.52,0,0,0,0.968599,0.248627,0,3
-25.6772,-535.015,0,0,0,0.96839,0.24944,0,3
-26.668,-534.42,0,0,0,0.971812,0.235756,0,3
-27.753,-533.954,0,0,0,0.972707,0.232036,0,3
-28.8348,-533.53,0,0,0,0.975008,0.222171,0,3
-29.9215,-533.089,0,0,0,0.980177,0.198121,0,3
-31.0349,-532.782,0,0,0,0.983183,0.182625,0,3
-32.1544,-532.376,0,0,0,0.984063,0.177819,0,3
-33.3121,-532.065,0,0,0,0.985517,0.169576,0,3
-34.311,-531.598,0,0,0,0.984326,0.176359,0,3
-35.226,-531.137,0,0,0,0.983056,0.183308,0,3
-36.3075,-530.638,0,0,0,0.987259,0.159125,0,3
-37.2957,-530.198,0,0,0,0.987161,0.159726,0,3
-38.3662,-529.663,0,0,0,0.985927,0.167178,0,3
-39.4848,-529.464,0,0,0,0.98733,0.15868,0,3
-41.6413,-528.872,0,0,0,0.989896,0.141792,0,3
-42.7864,-528.429,0,0,0,0.992429,0.122822,0,3
-44.5324,-528.088,0,0,0,0.993098,0.117287,0,3
-45.6716,-527.948,0,0,0,0.995237,0.0974885,0,3
-46.7458,-527.752,0,0,0,0.994706,0.102759,0,3
-48.1831,-527.973,0,0,0,0.996534,0.0831871,0,3
-50.2037,-528.023,0,0,0,-0.999974,0.0071953,0,3
-51.2702,-527.819,0,0,0,-0.999535,0.0304893,0,3
-53.4574,-528.391,0,0,0,-0.997379,0.0723567,0,3
-54.5295,-529.218,0,0,0,-0.993617,0.112808,0,3
-55.683,-529.686,0,0,0,-0.987501,0.157613,0,3
-56.9895,-530.078,0,0,0,-0.97692,0.213608,0,3
-57.9162,-530.548,0,0,0,-0.968516,0.248951,0,3
-59.9921,-531.814,0,0,0,-0.950717,0.31006,0,3
-61.4791,-532.834,0,0,0,-0.945006,0.327053,0,3
-62.9433,-534.062,0,0,0,-0.903097,0.429436,0,3
-66.2915,-534.146,0,0,0,-0.894049,0.447968,0,3
-68.6465,-534.258,0,0,0,-0.889574,0.456792,0,3
-70.6744,-535.624,0,0,0,-0.886017,0.463652,0,3
-71.2385,-537.345,0,0,0,-0.874436,0.485141,0,3
-71.7304,-538.891,0,0,0,-0.874904,0.484296,0,3
-72.305,-540.523,0,0,0,-0.820725,0.571324,0,3
-72.9595,-542.102,0,0,0,-0.804915,0.593391,0,3
-73.658,-543.597,0,0,0,-0.896989,0.442052,0,3
-74.2422,-544.463,0,0,0,-0.883187,0.469021,0,3
-74.8952,-545.476,0,0,0,-0.872329,0.48892,0,3
-75.5884,-546.533,0,0,0,-0.861461,0.507824,0,3
-76.3575,-547.776,0,0,0,-0.843859,0.536564,0,3
-77.0841,-549.767,0,0,0,-0.793558,0.608494,0,3
-77.2828,-550.859,0,0,0,-0.770575,0.63735,0,3
-77.6736,-552.817,0,0,0,-0.793921,0.608021,0,3
-78.0418,-554.023,0,0,0,-0.812282,0.583265,0,3
-78.7683,-555.664,0,0,0,-0.835598,0.549342,0,3
-79.8983,-557.588,0,0,0,-0.858595,0.512655,0,3
-81.0745,-559.201,0,0,0,-0.895978,0.444099,0,3
-81.8393,-560.042,0,0,0,-0.916623,0.399753,0,3
-83.3752,-561.333,0,0,0,-0.946155,0.323714,0,3
-84.2574,-561.939,0,0,0,-0.953215,0.302293,0,3
-85.1187,-562.495,0,0,0,-0.954963,0.296723,0,3
-86.6433,-563.391,0,0,0,-0.971421,0.237364,0,3
-87.5971,-563.775,0,0,0,-0.9853,0.170833,0,3
-89.7274,-564.134,0,0,0,-0.999161,0.0409648,0,3
-91.5226,-564.216,0,0,0,-0.999933,0.0115795,0,3
-93.3817,-564.417,0,0,0,-0.999717,0.0237893,0,3
-94.3649,-564.531,0,0,0,0.999899,0.014239,0,3
-95.4654,-564.442,0,0,0,0.998254,0.0590727,0,3
-97.4651,-564.209,0,0,0,0.997916,0.0645208,0,3
-98.5588,-564.064,0,0,0,0.99672,0.0809241,0,3
-100.24,-563.722,0,0,0,0.990456,0.137828,0,3
-101.283,-563.373,0,0,0,0.984184,0.177148,0,3
-103.041,-562.607,0,0,0,0.975043,0.222017,0,3
-104.222,-561.932,0,0,0,0.968104,0.25055,0,3
-105.21,-561.395,0,0,0,0.964664,0.263485,0,3
-106.636,-560.573,0,0,0,0.959515,0.281658,0,3
-108.434,-559.411,0,0,0,0.948368,0.317172,0,3
-109.836,-557.829,0,0,0,0.85806,0.513549,0,3
-110.259,-556.754,0,0,0,0.776672,0.629905,0,3
-110.24,-554.111,0,0,0,0.66479,0.74703,0,3
-110.017,-552.509,0,0,0,0.651055,0.759031,0,3
-109.791,-551.354,0,0,0,0.63622,0.771508,0,3
-109.509,-550.188,0,0,0,0.63353,0.773718,0,3
-109.193,-548.794,0,0,0,0.643702,0.765276,0,3
-108.818,-546.555,0,0,0,0.645883,0.763437,0,3
-108.479,-544.34,0,0,0,0.651859,0.758341,0,3
-108.294,-542.43,0,0,0,0.657743,0.753243,0,3
-108.157,-540.968,0,0,0,0.651062,0.759024,0,3
-107.821,-538.664,0,0,0,0.646491,0.762922,0,3
-107.541,-536.9,0,0,0,0.64855,0.761172,0,3
-107.165,-534.708,0,0,0,0.648414,0.761288,0,3
-106.868,-532.8,0,0,0,0.657472,0.753479,0,3
-106.706,-531.44,0,0,0,0.661326,0.750098,0,3
-106.661,-530.336,0,0,0,0.655598,0.755111,0,3
-106.583,-529.194,0,0,0,0.650072,0.759873,0,3
-106.381,-527.977,0,0,0,0.637487,0.770461,0,3
-106.07,-526.979,0,0,0,0.626518,0.779407,0,3
-105.673,-525.28,0,0,0,0.630544,0.776153,0,3
-105.437,-524.24,0,0,0,0.634281,0.773102,0,3
-105.051,-522.617,0,0,0,0.640291,0.768132,0,3
-104.861,-521.569,0,0,0,0.643402,0.765528,0,3
-104.551,-520.093,0,0,0,0.643281,0.76563,0,3
-104.136,-517.723,0,0,0,0.645594,0.763681,0,3
-103.726,-515.488,0,0,0,0.639923,0.768439,0,3
-103.363,-513.391,0,0,0,0.649127,0.76068,0,3
-103.183,-512.284,0,0,0,0.654011,0.756485,0,3
-103.011,-511.174,0,0,0,0.656171,0.754612,0,3
-102.783,-509.623,0,0,0,0.658002,0.753016,0,3
-102.5,-507.983,0,0,0,0.64298,0.765883,0,3
-102.263,-506.809,0,0,0,0.638498,0.769623,0,3
-101.942,-505.631,0,0,0,0.627063,0.778969,0,3
-101.585,-504.234,0,0,0,0.627128,0.778916,0,3
-101.305,-503.035,0,0,0,0.627748,0.778417,0,3
-100.933,-500.978,0,0,0,0.652273,0.757984,0,3
-100.756,-499.735,0,0,0,0.657308,0.753622,0,3
-100.238,-497.579,0,0,0,0.607222,0.794532,0,3
-99.712,-495.584,0,0,0,0.626026,0.779803,0,3
-99.4955,-494.461,0,0,0,0.646646,0.76279,0,3
-99.1057,-492.271,0,0,0,0.639057,0.769159,0,3
-98.8637,-491.117,0,0,0,0.634221,0.773152,0,3
-98.6162,-490.015,0,0,0,0.62303,0.782198,0,3
-98.0527,-487.755,0,0,0,0.621149,0.783693,0,3
-97.7624,-486.463,0,0,0,0.63035,0.776311,0,3
-97.4025,-484.448,0,0,0,0.64944,0.760413,0,3
-97.1224,-482.509,0,0,0,0.65994,0.751319,0,3
-96.9368,-481.221,0,0,0,0.656409,0.754406,0,3
-96.7851,-480.2,0,0,0,0.656154,0.754627,0,3
-96.6282,-479.184,0,0,0,0.653237,0.757153,0,3
-96.4337,-477.929,0,0,0,0.649537,0.76033,0,3
-96.2536,-476.875,0,0,0,0.646039,0.763305,0,3
-96.0438,-475.739,0,0,0,0.634645,0.772804,0,3
-95.653,-473.625,0,0,0,0.643235,0.765669,0,3
-95.4256,-472.391,0,0,0,0.637355,0.77057,0,3
-95.2227,-471.251,0,0,0,0.642005,0.766701,0,3
-94.8468,-469.142,0,0,0,0.650788,0.75926,0,3
-94.7112,-468.117,0,0,0,0.66641,0.745586,0,3
-94.5682,-466.916,0,0,0,0.662531,0.749035,0,3
-94.3982,-465.645,0,0,0,0.6602,0.751089,0,3
-94.2695,-464.633,0,0,0,0.661092,0.750305,0,3
-94.0921,-463.4,0,0,0,0.656168,0.754615,0,3
-93.9147,-462.222,0,0,0,0.655403,0.755279,0,3
-93.7275,-461.048,0,0,0,0.654873,0.755739,0,3
-93.4439,-459.236,0,0,0,0.654847,0.755761,0,3
-93.2547,-458.026,0,0,0,0.658322,0.752736,0,3
-93.0832,-456.816,0,0,0,0.659877,0.751373,0,3
-92.9079,-455.475,0,0,0,0.663361,0.7483,0,3
-92.6336,-453.236,0,0,0,0.670459,0.741947,0,3
-92.5254,-452.087,0,0,0,0.670781,0.741656,0,3
-92.3751,-450.91,0,0,0,0.658354,0.752708,0,3
-92.1874,-449.817,0,0,0,0.639662,0.768656,0,3
-91.9556,-448.71,0,0,0,0.631337,0.775509,0,3
-91.7069,-447.51,0,0,0,0.634299,0.773088,0,3
-91.4573,-446.264,0,0,0,0.636647,0.771155,0,3
-91.0456,-444.167,0,0,0,0.643106,0.765777,0,3
-90.8612,-443.098,0,0,0,0.644663,0.764466,0,3
-90.687,-442.001,0,0,0,0.650271,0.759703,0,3
-90.5181,-440.932,0,0,0,0.652974,0.757381,0,3
-90.3669,-439.895,0,0,0,0.65514,0.755508,0,3
-90.2066,-438.777,0,0,0,0.656254,0.75454,0,3
-89.9428,-436.593,0,0,0,0.665686,0.746232,0,3
-89.8297,-435.544,0,0,0,0.669945,0.74241,0,3
-89.7021,-434.364,0,0,0,0.666559,0.745452,0,3
-89.5644,-433.227,0,0,0,0.66473,0.747083,0,3
-89.4436,-432.18,0,0,0,0.665576,0.74633,0,3
-89.1906,-430.239,0,0,0,0.659637,0.751584,0,3
-89.0425,-428.933,0,0,0,0.668872,0.743378,0,3
-88.8144,-426.83,0,0,0,0.666925,0.745125,0,3
-88.6699,-425.652,0,0,0,0.666083,0.745878,0,3
-88.5226,-424.513,0,0,0,0.667454,0.744651,0,3
-88.3877,-423.376,0,0,0,0.666994,0.745063,0,3
-88.2361,-422.19,0,0,0,0.666935,0.745116,0,3
-87.9206,-419.958,0,0,0,0.647759,0.761845,0,3
-87.7147,-418.915,0,0,0,0.635917,0.771757,0,3
-87.4918,-417.838,0,0,0,0.637028,0.770841,0,3
-87.2657,-416.609,0,0,0,0.644063,0.764972,0,3
-87.0794,-415.557,0,0,0,0.647042,0.762454,0,3
-86.8764,-414.288,0,0,0,0.650158,0.759799,0,3
-86.7144,-413.242,0,0,0,0.656612,0.754229,0,3
-86.4198,-411.136,0,0,0,0.660712,0.75064,0,3
-86.3055,-410.103,0,0,0,0.664219,0.747538,0,3
-86.1645,-409.067,0,0,0,0.663233,0.748413,0,3
-85.9925,-407.814,0,0,0,0.662983,0.748635,0,3
-85.8515,-406.785,0,0,0,0.664249,0.747511,0,3
-85.7071,-405.763,0,0,0,0.668135,0.74404,0,3
-85.5459,-404.452,0,0,0,0.669426,0.742878,0,3
-85.4244,-403.342,0,0,0,0.670256,0.74213,0,3
-85.3033,-402.247,0,0,0,0.662483,0.749077,0,3
-85.1545,-401.233,0,0,0,0.650389,0.759601,0,3
-84.9573,-400.166,0,0,0,0.633995,0.773337,0,3
-84.7359,-399.124,0,0,0,0.625558,0.780177,0,3
-84.4599,-397.826,0,0,0,0.628603,0.777726,0,3
-84.2174,-396.73,0,0,0,0.633073,0.774092,0,3
-84.0085,-395.686,0,0,0,0.635611,0.77201,0,3
-83.7854,-394.414,0,0,0,0.641156,0.767411,0,3
-83.6289,-393.401,0,0,0,0.649226,0.760595,0,3
-83.481,-392.34,0,0,0,0.651662,0.75851,0,3
-83.3617,-391.308,0,0,0,0.654911,0.755706,0,3
-83.2177,-390.082,0,0,0,0.651023,0.759058,0,3
-83.0601,-389.027,0,0,0,0.647066,0.762434,0,3
-82.8552,-387.815,0,0,0,0.643068,0.765809,0,3
-82.6828,-386.729,0,0,0,0.650673,0.759358,0,3
-82.5195,-385.654,0,0,0,0.6538,0.756667,0,3
-82.3398,-384.483,0,0,0,0.654448,0.756107,0,3
-82.1325,-383.138,0,0,0,0.657718,0.753264,0,3
-81.9561,-381.953,0,0,0,0.651339,0.758787,0,3
-81.7619,-380.875,0,0,0,0.646607,0.762823,0,3
-81.5446,-379.518,0,0,0,0.649541,0.760327,0,3
-81.3782,-378.374,0,0,0,0.652184,0.758061,0,3
-81.1905,-377.199,0,0,0,0.649376,0.760467,0,3
-81.023,-375.872,0,0,0,0.657718,0.753264,0,3
-80.8982,-374.853,0,0,0,0.653928,0.756557,0,3
-80.7372,-373.602,0,0,0,0.659741,0.751493,0,3
-80.5916,-372.516,0,0,0,0.658184,0.752857,0,3
-80.4408,-371.415,0,0,0,0.656797,0.754068,0,3
-80.1839,-370.085,0,0,0,0.640003,0.768373,0,3
-79.9369,-368.99,0,0,0,0.62057,0.784151,0,3
-79.5839,-367.735,0,0,0,0.600962,0.799277,0,3
-79.2742,-366.689,0,0,0,0.601568,0.798822,0,3
-78.9755,-365.681,0,0,0,0.603863,0.797088,0,3
-78.7099,-364.576,0,0,0,0.610166,0.792273,0,3
-78.4407,-363.509,0,0,0,0.608451,0.793592,0,3
-78.0885,-362.239,0,0,0,0.597347,0.801983,0,3
-77.7662,-361.163,0,0,0,0.602243,0.798313,0,3
-77.4285,-359.862,0,0,0,0.607017,0.794689,0,3
-77.1433,-358.773,0,0,0,0.610834,0.791758,0,3
-76.868,-357.692,0,0,0,0.618192,0.786027,0,3
-76.5743,-356.382,0,0,0,0.622156,0.782893,0,3
-76.3398,-355.289,0,0,0,0.622361,0.78273,0,3
-76.0907,-354.244,0,0,0,0.627255,0.778814,0,3
-75.8309,-353.203,0,0,0,0.631361,0.775489,0,3
-75.5475,-351.933,0,0,0,0.635249,0.772307,0,3
-75.3398,-350.872,0,0,0,0.645457,0.763797,0,3
-75.0645,-349.615,0,0,0,0.64742,0.762134,0,3
-74.8768,-348.535,0,0,0,0.649328,0.760508,0,3
-74.6565,-347.496,0,0,0,0.648278,0.761404,0,3
-74.497,-346.412,0,0,0,0.65321,0.757177,0,3
-74.3559,-345.351,0,0,0,0.659906,0.751348,0,3
-74.1943,-344.012,0,0,0,0.628733,0.777621,0,3
-73.897,-342.952,0,0,0,0.568263,0.822847,0,3
-73.1696,-342.035,0,0,0,0.308949,0.951079,0,3
-72.169,-341.675,0,0,0,0.0481046,0.998842,0,3
-70.8331,-341.813,0,0,0,-0.082505,0.996591,0,3
-69.7493,-342.039,0,0,0,-0.0914111,0.995813,0,3
-67.3979,-342.534,0,0,0,-0.116791,0.993157,0,3
-66.3851,-342.79,0,0,0,-0.127498,0.991839,0,3
-65.1104,-343.133,0,0,0,-0.121849,0.992549,0,3
-62.9958,-343.624,0,0,0,-0.0917611,0.995781,0,3
-61.9016,-343.808,0,0,0,-0.0836607,0.996494,0,3
-60.6059,-343.99,0,0,0,-0.0546849,0.998504,0,3
-59.5304,-344.083,0,0,0,-0.0429917,0.999075,0,3
-58.453,-344.166,0,0,0,-0.0421438,0.999112,0,3
-57.4082,-344.244,0,0,0,-0.0497673,0.998761,0,3
-56.3166,-344.358,0,0,0,-0.0585922,0.998282,0,3
-55.2435,-344.497,0,0,0,-0.0659122,0.997825,0,3
-54.1529,-344.654,0,0,0,-0.0638623,0.997959,0,3
-52.8277,-344.83,0,0,0,-0.0598567,0.998207,0,3
-51.5349,-345.007,0,0,0,-0.0588097,0.998269,0,3
-50.4386,-345.135,0,0,0,-0.0588709,0.998266,0,3
-49.1656,-345.355,0,0,0,-0.0829318,0.996555,0,3
-46.958,-345.708,0,0,0,-0.0752295,0.997166,0,3
-45.868,-345.858,0,0,0,-0.067173,0.997741,0,3
-44.5659,-346.033,0,0,0,-0.0614834,0.998108,0,3
-43.501,-346.181,0,0,0,-0.0629164,0.998019,0,3
-42.4066,-346.332,0,0,0,-0.0607999,0.99815,0,3
-41.1624,-346.478,0,0,0,-0.0534937,0.998568,0,3
-40.0411,-346.594,0,0,0,-0.0469032,0.998899,0,3
-38.7379,-346.712,0,0,0,-0.0423421,0.999103,0,3
-37.6363,-346.776,0,0,0,-0.0383156,0.999266,0,3
-36.5701,-346.855,0,0,0,-0.0431883,0.999067,0,3
-35.4697,-346.976,0,0,0,-0.0459198,0.998945,0,3
-34.1418,-347.092,0,0,0,0.0111422,0.999938,0,3
-32.4335,-346.231,0,0,0,0.461685,0.887044,0,3
-31.8574,-345.017,0,0,0,0.580581,0.814203,0,3
-31.362,-342.97,0,0,0,0.649841,0.76007,0,3
-31.1901,-341.938,0,0,0,0.64784,0.761776,0,3
-30.996,-340.874,0,0,0,0.641904,0.766785,0,3
-30.6929,-339.601,0,0,0,0.626307,0.779576,0,3
-30.3717,-338.363,0,0,0,0.620058,0.784556,0,3
-29.8503,-336.279,0,0,0,0.629185,0.777256,0,3
-29.6173,-335.228,0,0,0,0.634129,0.773227,0,3
-29.3697,-333.953,0,0,0,0.64344,0.765497,0,3
-29.1939,-332.908,0,0,0,0.647931,0.761699,0,3
-28.5064,-330.813,0,0,0,0.436584,0.899664,0,3
-27.6598,-330.082,0,0,0,0.261686,0.965153,0,3
-26.7149,-329.562,0,0,0,0.220605,0.975363,0,3
-25.511,-329.06,0,0,0,0.165581,0.986196,0,3
-24.3561,-328.726,0,0,0,0.122062,0.992523,0,3
-23.2374,-328.498,0,0,0,0.0709245,0.997482,0,3
-21.9365,-328.446,0,0,0,-0.0181816,0.999835,0,3
-20.8719,-328.549,0,0,0,-0.0772638,0.997011,0,3
-19.1695,-328.871,0,0,0,-0.0990174,0.995086,0,3
-18.1064,-329.061,0,0,0,-0.0804694,0.996757,0,3
-16.9976,-329.141,0,0,0,0.120256,0.992743,0,3
-15.6894,-327.939,0,0,0,0.391881,0.920016,0,3
-14.8091,-327.341,0,0,0,0.164612,0.986358,0,3
-13.4589,-327.288,0,0,0,-0.0560297,0.998429,0,3
-12.3397,-327.481,0,0,0,-0.0857716,0.996315,0,3
-11.0495,-327.753,0,0,0,-0.10389,0.994589,0,3
-8.99128,-328.219,0,0,0,-0.10628,0.994336,0,3
-7.72657,-328.456,0,0,0,-0.0748075,0.997198,0,3
-5.54705,-328.69,0,0,0,-0.061723,0.998093,0,3
-4.4421,-328.867,0,0,0,-0.0940293,0.995569,0,3
-3.13059,-329.141,0,0,0,-0.116658,0.993172,0,3
-2.06277,-329.394,0,0,0,-0.116589,0.99318,0,3
-0.735694,-329.732,0,0,0,-0.114545,0.993418,0,3
0.321743,-329.98,0,0,0,-0.1101,0.993921,0,3
1.38089,-330.233,0,0,0,-0.114231,0.993454,0,3
2.46561,-330.478,0,0,0,-0.108454,0.994101,0,3
3.72365,-330.761,0,0,0,-0.0990333,0.995084,0,3
4.78397,-330.95,0,0,0,-0.08763,0.996153,0,3
5.82842,-331.124,0,0,0,-0.0818122,0.996648,0,3
7.13919,-331.296,0,0,0,-0.0711829,0.997463,0,3
8.18202,-331.462,0,0,0,-0.0793079,0.99685,0,3
9.27184,-331.648,0,0,0,-0.0803153,0.99677,0,3
10.5733,-331.852,0,0,0,-0.0799645,0.996798,0,3
11.6507,-332.032,0,0,0,-0.0976193,0.995224,0,3
12.9572,-332.308,0,0,0,-0.111149,0.993804,0,3
14.0373,-332.553,0,0,0,-0.113222,0.99357,0,3
15.1228,-332.797,0,0,0,-0.1081,0.99414,0,3
16.2443,-333.026,0,0,0,-0.0728755,0.997341,0,3
17.5341,-333.054,0,0,0,0.0701422,0.997537,0,3
18.6089,-332.642,0,0,0,0.269642,0.962961,0,3
19.6381,-332.041,0,0,0,0.227739,0.973722,0,3
21.2909,-330.921,0,0,0,0.43251,0.901629,0,3
21.8147,-329.817,0,0,0,0.624055,0.781381,0,3
22.1368,-327.681,0,0,0,0.643723,0.765258,0,3
22.3703,-326.62,0,0,0,0.631116,0.775688,0,3
22.6196,-325.574,0,0,0,0.630324,0.776332,0,3
22.8781,-324.309,0,0,0,0.636586,0.771206,0,3
23.1352,-323.007,0,0,0,0.637402,0.770531,0,3
23.5206,-321.078,0,0,0,0.649117,0.760688,0,3
23.7126,-319.825,0,0,0,0.659201,0.751967,0,3
23.8407,-318.793,0,0,0,0.652131,0.758106,0,3
24.039,-317.532,0,0,0,0.642676,0.766138,0,3
24.2186,-316.486,0,0,0,0.639072,0.769147,0,3
24.4225,-315.393,0,0,0,0.639586,0.76872,0,3
24.6506,-314.108,0,0,0,0.646468,0.762941,0,3
24.7632,-313.063,0,0,0,0.698269,0.715836,0,3
24.7014,-311.779,0,0,0,0.741561,0.670886,0,3
24.6404,-310.716,0,0,0,0.699816,0.714323,0,3
24.7195,-309.57,0,0,0,0.660089,0.751187,0,3
24.9042,-308.504,0,0,0,0.633102,0.774068,0,3
25.1239,-307.411,0,0,0,0.62564,0.780112,0,3
25.1121,-306.319,0,0,0,0.805035,0.593227,0,3
23.3535,-305.102,0,0,0,0.993613,0.112837,0,3
22.3765,-304.865,0,0,0,0.995141,0.0984578,0,3
21.0661,-304.523,0,0,0,0.993482,0.113993,0,3
19.8536,-304.212,0,0,0,0.995565,0.0940812,0,3
18.4386,-303.96,0,0,0,0.997352,0.0727309,0,3
16.3421,-303.598,0,0,0,0.994965,0.100219,0,3
15.1882,-303.298,0,0,0,0.991055,0.133455,0,3
14.0241,-302.946,0,0,0,0.989592,0.143903,0,3
12.8719,-302.605,0,0,0,0.991341,0.131309,0,3
10.5362,-302.062,0,0,0,0.995884,0.0906405,0,3
8.53888,-301.767,0,0,0,0.999198,0.0400476,0,3
7.4592,-301.636,0,0,0,0.998977,0.0452315,0,3
6.15101,-301.466,0,0,0,0.997617,0.0689942,0,3
5.02281,-301.261,0,0,0,0.994519,0.104554,0,3
3.36834,-300.791,0,0,0,0.989313,0.145804,0,3
2.20529,-300.396,0,0,0,0.988609,0.150509,0,3
1.03847,-300.035,0,0,0,0.990331,0.138725,0,3
-1.10207,-299.447,0,0,0,0.991084,0.133241,0,3
-2.32074,-299.153,0,0,0,0.992553,0.12181,0,3
-4.45174,-298.678,0,0,0,0.994182,0.107714,0,3
-5.64035,-298.414,0,0,0,0.994468,0.105041,0,3
-6.82894,-298.145,0,0,0,0.994691,0.102902,0,3
-8.00609,-297.905,0,0,0,0.995412,0.095682,0,3
-10.081,-297.532,0,0,0,0.996314,0.0857838,0,3
-11.1997,-297.288,0,0,0,0.994936,0.100509,0,3
-12.402,-297.023,0,0,0,0.995386,0.095947,0,3
-13.5932,-296.79,0,0,0,0.996045,0.088848,0,3
-14.8246,-296.563,0,0,0,0.996088,0.0883642,0,3
-16.7311,-296.145,0,0,0,0.993367,0.114985,0,3
-17.9687,-295.758,0,0,0,0.991011,0.133777,0,3
-19.2248,-295.256,0,0,0,0.969599,0.244698,0,3
-20.6382,-293.863,0,0,0,0.862953,0.505283,0,3
-21.1113,-292.663,0,0,0,0.78575,0.618544,0,3
-21.3616,-291.635,0,0,0,0.741722,0.670707,0,3
-21.5035,-290.617,0,0,0,0.695723,0.71831,0,3
-21.4382,-289.484,0,0,0,0.667398,0.744701,0,3
-21.3557,-288.338,0,0,0,0.666674,0.745349,0,3
-21.2252,-287.187,0,0,0,0.663389,0.748275,0,3
-21.0989,-285.778,0,0,0,0.670229,0.742154,0,3
-20.9804,-284.646,0,0,0,0.673287,0.739382,0,3
-20.8576,-283.472,0,0,0,0.670726,0.741705,0,3
-20.5437,-281.373,0,0,0,0.655098,0.755544,0,3
-20.3352,-280.157,0,0,0,0.637107,0.770775,0,3
-20.0864,-278.943,0,0,0,0.642578,0.766221,0,3
-19.8414,-277.761,0,0,0,0.642565,0.766231,0,3
-19.6458,-276.609,0,0,0,0.646188,0.763178,0,3
-19.2898,-274.488,0,0,0,0.647656,0.761933,0,3
-19.0951,-273.261,0,0,0,0.65358,0.756858,0,3
-18.9317,-272.048,0,0,0,0.656362,0.754446,0,3
-18.7579,-270.867,0,0,0,0.657784,0.753207,0,3
-18.5733,-269.659,0,0,0,0.650908,0.759157,0,3
-18.2738,-267.747,0,0,0,0.651499,0.75865,0,3
-18.0849,-266.577,0,0,0,0.648484,0.761228,0,3
-17.8817,-265.379,0,0,0,0.646146,0.763214,0,3
-17.656,-264.2,0,0,0,0.640886,0.767636,0,3
-17.415,-263.011,0,0,0,0.638115,0.769941,0,3
-17.1742,-261.824,0,0,0,0.642468,0.766312,0,3
-16.9729,-260.606,0,0,0,0.648752,0.761,0,3
-16.7872,-259.449,0,0,0,0.654395,0.756153,0,3
-16.5021,-257.326,0,0,0,0.656204,0.754584,0,3
-16.1782,-255.217,0,0,0,0.655348,0.755327,0,3
-15.971,-254.032,0,0,0,0.644291,0.764781,0,3
-15.7464,-252.822,0,0,0,0.642289,0.766463,0,3
-15.5244,-251.601,0,0,0,0.636362,0.77139,0,3
-15.3189,-250.404,0,0,0,0.638544,0.769585,0,3
-15.0722,-249.202,0,0,0,0.637751,0.770242,0,3
-14.8827,-248.212,0,0,0,0.636733,0.771084,0,3
-14.4228,-245.853,0,0,0,0.637538,0.770419,0,3
-13.9813,-243.689,0,0,0,0.637526,0.770429,0,3
-13.7484,-242.514,0,0,0,0.642576,0.766222,0,3
-13.5701,-241.308,0,0,0,0.659929,0.751328,0,3
-13.409,-240.17,0,0,0,0.658862,0.752264,0,3
-13.0364,-238.017,0,0,0,0.654139,0.756375,0,3
-12.8346,-236.797,0,0,0,0.653097,0.757274,0,3
-12.5999,-235.563,0,0,0,0.653374,0.757035,0,3
-12.2071,-233.122,0,0,0,0.65523,0.755429,0,3
-11.906,-230.973,0,0,0,0.657816,0.753178,0,3
-11.7283,-229.832,0,0,0,0.654488,0.756073,0,3
-11.5586,-228.668,0,0,0,0.666851,0.745191,0,3
-11.4091,-227.501,0,0,0,0.669304,0.742989,0,3
-11.2596,-226.35,0,0,0,0.667455,0.74465,0,3
-11.0749,-225.174,0,0,0,0.653673,0.756777,0,3
-10.6604,-222.834,0,0,0,0.630909,0.775857,0,3
-10.2006,-220.731,0,0,0,0.619213,0.785223,0,3
-9.56838,-218.493,0,0,0,0.59991,0.800067,0,3
-9.26322,-217.501,0,0,0,0.597066,0.802192,0,3
-8.93019,-216.491,0,0,0,0.592036,0.805911,0,3
-8.51593,-215.18,0,0,0,0.583349,0.812222,0,3
-8.16242,-214.172,0,0,0,0.569631,0.8219,0,3
-7.76127,-213.188,0,0,0,0.572208,0.820109,0,3
-7.29687,-211.946,0,0,0,0.577467,0.816414,0,3
-6.94131,-210.921,0,0,0,0.583986,0.811764,0,3
-6.59585,-209.896,0,0,0,0.590585,0.806975,0,3
-6.2297,-208.671,0,0,0,0.612313,0.790615,0,3
-5.89646,-207.433,0,0,0,0.621784,0.783189,0,3
-5.38222,-205.211,0,0,0,0.627158,0.778892,0,3
-4.93064,-203.221,0,0,0,0.615642,0.788026,0,3
-4.59804,-201.927,0,0,0,0.613066,0.790032,0,3
-4.36962,-200.91,0,0,0,0.635113,0.772419,0,3
-4.14416,-199.665,0,0,0,0.649346,0.760493,0,3
-3.96105,-198.477,0,0,0,0.656395,0.754417,0,3
-3.80056,-197.289,0,0,0,0.663577,0.748108,0,3
-3.55045,-195.129,0,0,0,0.669966,0.742392,0,3
-3.4152,-193.973,0,0,0,0.66098,0.750403,0,3
-3.13128,-191.797,0,0,0,0.65086,0.759198,0,3
-2.99381,-190.564,0,0,0,0.660743,0.750613,0,3
-2.87164,-189.56,0,0,0,0.664001,0.747732,0,3
-2.74499,-188.523,0,0,0,0.660626,0.750715,0,3
-2.58372,-187.138,0,0,0,0.665484,0.746412,0,3
-2.4455,-185.872,0,0,0,0.680614,0.732642,0,3
-2.31764,-183.732,0,0,0,0.702722,0.711464,0,3
-2.29456,-182.501,0,0,0,0.708396,0.705815,0,3
-2.25621,-180.647,0,0,0,0.702675,0.711511,0,3
-2.20719,-179.171,0,0,0,0.698147,0.715954,0,3
-2.1196,-176.994,0,0,0,0.69447,0.719522,0,3
-2.04713,-175.819,0,0,0,0.690219,0.723601,0,3
-1.95139,-174.558,0,0,0,0.682727,0.730674,0,3
-1.83399,-173.364,0,0,0,0.676199,0.736719,0,3
-1.66963,-172.176,0,0,0,0.659862,0.751387,0,3
-1.26827,-170.025,0,0,0,0.634811,0.772667,0,3
-0.977732,-168.824,0,0,0,0.624091,0.781352,0,3
-0.460559,-166.603,0,0,0,0.627935,0.778266,0,3
-0.0724682,-164.631,0,0,0,0.628566,0.777756,0,3
0.130967,-163.637,0,0,0,0.625221,0.780448,0,3
0.406988,-162.352,0,0,0,0.624745,0.780829,0,3
0.653587,-161.311,0,0,0,0.62435,0.781145,0,3
0.980907,-159.961,0,0,0,0.625394,0.780309,0,3
1.24628,-158.888,0,0,0,0.627307,0.778772,0,3
1.5453,-157.559,0,0,0,0.625108,0.780538,0,3
1.80403,-156.5,0,0,0,0.617303,0.786726,0,3
2.10034,-155.172,0,0,0,0.623012,0.782212,0,3
2.56887,-152.934,0,0,0,0.632129,0.774863,0,3
2.83636,-151.571,0,0,0,0.638868,0.769316,0,3
3.00956,-150.566,0,0,0,0.643637,0.765331,0,3
3.14877,-149.534,0,0,0,0.65402,0.756477,0,3
3.29859,-148.292,0,0,0,0.655979,0.754779,0,3
3.47447,-147.168,0,0,0,0.643943,0.765073,0,3
3.69183,-145.841,0,0,0,0.652168,0.758074,0,3
3.84057,-144.809,0,0,0,0.656581,0.754255,0,3
3.97089,-143.723,0,0,0,0.670133,0.742241,0,3
4.03653,-142.658,0,0,0,0.703102,0.711089,0,3
4.00201,-141.417,0,0,0,0.717277,0.696788,0,3
3.98501,-140.172,0,0,0,0.709041,0.705168,0,3
4.02267,-138.947,0,0,0,0.69376,0.720206,0,3
4.10136,-137.653,0,0,0,0.673288,0.739381,0,3
4.41256,-135.546,0,0,0,0.642495,0.76629,0,3
4.67571,-134.4,0,0,0,0.62054,0.784175,0,3
4.95529,-133.252,0,0,0,0.622663,0.78249,0,3
5.21389,-132.107,0,0,0,0.627724,0.778436,0,3
5.44192,-130.978,0,0,0,0.63059,0.776116,0,3
5.66629,-129.812,0,0,0,0.636326,0.77142,0,3
5.88916,-128.645,0,0,0,0.627216,0.778845,0,3
6.2966,-126.928,0,0,0,0.60154,0.798843,0,3
6.68674,-125.921,0,0,0,0.529505,0.848307,0,3
7.31776,-124.902,0,0,0,0.460347,0.887739,0,3
8.16283,-123.821,0,0,0,0.434992,0.900434,0,3
8.8005,-122.782,0,0,0,0.546481,0.837471,0,3
9.33818,-120.619,0,0,0,0.655974,0.754784,0,3
9.52367,-119.451,0,0,0,0.654059,0.756444,0,3
9.6797,-118.33,0,0,0,0.66393,0.747795,0,3
9.78598,-117.229,0,0,0,0.678354,0.734735,0,3
9.86602,-116.16,0,0,0,0.687606,0.726084,0,3
9.93492,-115.063,0,0,0,0.67374,0.738969,0,3
10.0284,-113.875,0,0,0,0.660396,0.750918,0,3
10.1727,-112.619,0,0,0,0.660726,0.750627,0,3
10.3208,-111.372,0,0,0,0.660767,0.750591,0,3
10.4818,-110.159,0,0,0,0.660101,0.751176,0,3
10.6646,-108.698,0,0,0,0.661856,0.749631,0,3
10.9884,-106.369,0,0,0,0.660098,0.751179,0,3
11.1532,-105.17,0,0,0,0.65855,0.752537,0,3
11.4551,-103.158,0,0,0,0.654956,0.755667,0,3
11.6331,-101.966,0,0,0,0.658405,0.752664,0,3
11.9238,-99.9019,0,0,0,0.665137,0.746722,0,3
12.0594,-98.7279,0,0,0,0.666151,0.745817,0,3
12.2465,-97.2791,0,0,0,0.666411,0.745585,0,3
12.4002,-96.1443,0,0,0,0.664014,0.747721,0,3
12.554,-94.9912,0,0,0,0.665647,0.746267,0,3
12.6992,-93.7899,0,0,0,0.667265,0.74482,0,3
12.9786,-91.4173,0,0,0,0.668583,0.743637,0,3
13.1226,-90.25,0,0,0,0.662404,0.749147,0,3
13.2736,-89.1052,0,0,0,0.665222,0.746646,0,3
13.4301,-87.9667,0,0,0,0.659151,0.75201,0,3
13.5729,-86.8426,0,0,0,0.65808,0.752948,0,3
13.8338,-84.8854,0,0,0,0.662119,0.749399,0,3
13.9742,-83.7304,0,0,0,0.68039,0.73285,0,3
14.0708,-82.3775,0,0,0,0.698798,0.71532,0,3
14.0792,-81.2918,0,0,0,0.703849,0.71035,0,3
14.0081,-79.9327,0,0,0,0.728309,0.685249,0,3
13.8717,-78.8776,0,0,0,0.748398,0.66325,0,3
13.6197,-77.6605,0,0,0,0.767506,0.641042,0,3
13.3112,-76.4122,0,0,0,0.781459,0.623957,0,3
13.0285,-75.237,0,0,0,0.782025,0.623246,0,3
12.7734,-74.0539,0,0,0,0.75376,0.65715,0,3
12.6222,-71.9451,0,0,0,0.722872,0.690982,0,3
12.5627,-70.8741,0,0,0,0.724059,0.689738,0,3
12.5159,-69.5015,0,0,0,0.711453,0.702733,0,3
12.5242,-67.8136,0,0,0,0.705785,0.708426,0,3
12.4947,-66.7452,0,0,0,0.712208,0.701969,0,3
12.4045,-64.7592,0,0,0,0.719687,0.694299,0,3
12.3774,-63.6204,0,0,0,0.716271,0.697822,0,3
12.3539,-62.178,0,0,0,0.712441,0.701732,0,3
12.3218,-61.0105,0,0,0,0.713292,0.700867,0,3
12.2608,-59.7965,0,0,0,0.717546,0.696511,0,3
12.1898,-58.5438,0,0,0,0.717386,0.696676,0,3
12.1362,-57.2878,0,0,0,0.701007,0.713154,0,3
12.3546,-55.1606,0,0,0,0.655664,0.755053,0,3
12.5847,-53.7765,0,0,0,0.638902,0.769288,0,3
12.7867,-52.4368,0,0,0,0.647824,0.76179,0,3
12.9327,-51.3977,0,0,0,0.654503,0.756059,0,3
13.0755,-50.3348,0,0,0,0.658311,0.752746,0,3
13.2643,-49.0235,0,0,0,0.662977,0.74864,0,3
13.3677,-47.9543,0,0,0,0.670526,0.741886,0,3
13.4692,-46.8375,0,0,0,0.676529,0.736416,0,3
13.5536,-45.764,0,0,0,0.676839,0.736131,0,3
13.6522,-44.4113,0,0,0,0.685257,0.728302,0,3
13.706,-43.2754,0,0,0,0.689076,0.724689,0,3
13.8375,-40.99,0,0,0,0.689717,0.724079,0,3
13.8967,-39.8631,0,0,0,0.687878,0.725826,0,3
13.9643,-38.6879,0,0,0,0.692833,0.721098,0,3
14.0099,-37.47,0,0,0,0.698312,0.715793,0,3
14.0456,-36.2705,0,0,0,0.701523,0.712647,0,3
14.0696,-34.8155,0,0,0,0.705133,0.709075,0,3
14.0843,-33.6543,0,0,0,0.703587,0.710609,0,3
14.1664,-31.6163,0,0,0,0.695095,0.718918,0,3
14.2619,-30.4554,0,0,0,0.687227,0.726443,0,3
14.3343,-29.2639,0,0,0,0.687014,0.726644,0,3
14.4327,-28.0764,0,0,0,0.679762,0.733433,0,3
14.5541,-26.9092,0,0,0,0.679591,0.733591,0,3
14.6556,-25.7132,0,0,0,0.680121,0.7331,0,3
14.7488,-24.5714,0,0,0,0.679916,0.73329,0,3
14.8206,-23.4548,0,0,0,0.68069,0.732571,0,3
14.8787,-22.3063,0,0,0,0.694332,0.719655,0,3
14.8991,-21.1094,0,0,0,0.707764,0.706449,0,3
14.881,-19.9089,0,0,0,0.718479,0.695548,0,3
14.8562,-18.7442,0,0,0,0.722423,0.691451,0,3
14.7984,-17.5416,0,0,0,0.721407,0.692511,0,3
14.7983,-16.4028,0,0,0,0.709361,0.704846,0,3
14.813,-15.2312,0,0,0,0.696048,0.717995,0,3
14.8886,-14.0226,0,0,0,0.681024,0.732261,0,3
15.0129,-12.6061,0,0,0,0.673143,0.739512,0,3
15.2075,-10.6076,0,0,0,0.673287,0.739381,0,3
15.3422,-9.17408,0,0,0,0.677499,0.735523,0,3
15.4065,-8.01283,0,0,0,0.683105,0.730321,0,3
15.5608,-5.68619,0,0,0,0.683667,0.729794,0,3
15.6458,-3.6607,0,0,0,0.689207,0.724565,0,3
15.6647,-2.47884,0,0,0,0.690703,0.723139,0,3
15.6912,-1.01356,0,0,0,0.694308,0.719678,0,3
15.7641,1.34941,0,0,0,0.692763,0.721165,0,3
15.7565,3.32371,0,0,0,0.77139,0.636363,0,3
15.258,4.37763,0,0,0,0.898938,0.438076,0,3
14.266,5.18693,0,0,0,0.970835,0.239749,0,3
11.9527,5.82471,0,0,0,0.998625,0.0524189,0,3
10.8803,5.89458,0,0,0,0.999878,0.0156479,0,3
9.81681,5.93872,0,0,0,0.999573,0.0292032,0,3
8.50142,6.04608,0,0,0,0.999481,0.0322153,0,3
7.43229,6.1256,0,0,0,0.999729,0.0232586,0,3
6.39494,6.1849,0,0,0,0.999702,0.0243956,0,3
5.07965,6.25003,0,0,0,0.999795,0.0202356,0,3
4.04549,6.30805,0,0,0,0.999801,0.0199291,0,3
3.00718,6.35058,0,0,0,0.999908,0.0135595,0,3
1.74102,6.37859,0,0,0,0.999964,0.00846954,0,3
0.70933,6.41111,0,0,0,0.999944,0.0106083,0,3
-0.369226,6.43653,0,0,0,0.99993,0.0118222,0,3
-1.71695,6.48205,0,0,0,0.999943,0.0106782,0,3
-2.78619,6.53209,0,0,0,0.99986,0.016703,0,3
-3.84358,6.57921,0,0,0,0.999797,0.0201663,0,3
-5.11219,6.7468,0,0,0,0.990482,0.13764,0,3
-6.14445,7.28293,0,0,0,0.942237,0.334948,0,3
-6.79264,8.15491,0,0,0,0.843857,0.536568,0,3
-7.01003,9.20851,0,0,0,0.724074,0.689723,0,3
-7.00285,10.372,0,0,0,0.704234,0.709968,0,3
-6.92204,11.819,0,0,0,0.697371,0.71671,0,3
-6.46663,13.8283,0,0,0,0.669389,0.742912,0,3
-6.21459,15.0065,0,0,0,0.661588,0.749868,0,3
-6.07741,16.1533,0,0,0,0.667566,0.74455,0,3
-5.96779,17.3141,0,0,0,0.672566,0.740037,0,3
-5.83742,18.6596,0,0,0,0.668966,0.743293,0,3
-5.7097,19.7295,0,0,0,0.671808,0.740725,0,3
-5.62278,20.8407,0,0,0,0.684875,0.728661,0,3
-5.5573,21.9578,0,0,0,0.686055,0.727549,0,3
-5.40472,23.9102,0,0,0,0.669298,0.742994,0,3
-5.25365,25.2834,0,0,0,0.668506,0.743706,0,3
-5.15188,26.4776,0,0,0,0.680628,0.732629,0,3
-5.11444,27.6659,0,0,0,0.746438,0.665454,0,3
-6.42047,29.0599,0,0,0,0.992998,0.118135,0,3
-8.65316,29.2634,0,0,0,0.999709,0.0241239,0,3
-9.70009,29.3046,0,0,0,0.999735,0.0230267,0,3
-11.0044,29.4461,0,0,0,0.999649,0.0264912,0,3
-13.1269,29.8044,0,0,0,0.999224,0.039388,0,3
-14.2177,29.9034,0,0,0,0.999322,0.0368244,0,3
-15.3624,30.0212,0,0,0,0.999523,0.0308759,0,3
-16.7788,30.1264,0,0,0,0.999306,0.0372455,0,3
-18.7419,30.3206,0,0,0,0.999337,0.0364203,0,3
-19.8731,30.3494,0,0,0,-0.996225,0.086813,0,3
-20.865,29.8321,0,0,0,-0.922112,0.386922,0,3
-21.4056,28.6187,0,0,0,-0.778669,0.627435,0,3
-21.7951,26.4032,0,0,0,-0.756555,0.65393,0,3
-21.9856,25.3525,0,0,0,-0.759015,0.651073,0,3
-22.2071,24.1038,0,0,0,-0.760278,0.649597,0,3
-22.3674,23.0919,0,0,0,-0.746237,0.665681,0,3
-22.5023,22.0615,0,0,0,-0.735544,0.677477,0,3
-22.6469,20.8015,0,0,0,-0.747399,0.664375,0,3
