3.90711,6.58614,0,0,0,-0.311146,0.950362,0,3
4.83834,6.08471,0,0,0,-0.223905,0.974611,0,3
5.74927,5.63899,0,0,0,-0.254439,0.967089,0,3
6.78495,5.03867,0,0,0,-0.258895,0.965905,0,3
7.75052,4.46016,0,0,0,-0.26166,0.96516,0,3
8.70336,3.9236,0,0,0,-0.257378,0.966311,0,3
9.76723,3.33572,0,0,0,-0.257392,0.966307,0,3
10.7461,2.80827,0,0,0,-0.244356,0.969686,0,3
11.6607,2.34053,0,0,0,-0.226027,0.974121,0,3
12.6135,1.91409,0,0,0,-0.209351,0.977841,0,3
13.7114,1.4308,0,0,0,-0.204652,0.978835,0,3
14.6325,1.03034,0,0,0,-0.20644,0.978459,0,3
15.6868,0.57533,0,0,0,-0.195432,0.980717,0,3
16.7428,0.11986,0,0,0,-0.199507,0.979896,0,3
17.8233,-0.319817,0,0,0,-0.194008,0.981,0,3
18.9288,-0.745032,0,0,0,-0.183363,0.983045,0,3
20.0088,-1.13269,0,0,0,-0.169934,0.985455,0,3
21.0108,-1.45524,0,0,0,-0.15498,0.987918,0,3
22.0768,-1.81839,0,0,0,-0.172299,0.985045,0,3
23.1766,-2.22794,0,0,0,-0.181989,0.983301,0,3
24.2615,-2.65441,0,0,0,-0.194866,0.98083,0,3
25.3533,-3.11644,0,0,0,-0.205184,0.978723,0,3
26.3998,-3.57696,0,0,0,-0.20936,0.977839,0,3
27.4253,-4.0326,0,0,0,-0.210011,0.977699,0,3
28.5172,-4.5289,0,0,0,-0.215047,0.976604,0,3
29.6012,-5.02942,0,0,0,-0.216153,0.97636,0,3
30.6643,-5.49754,0,0,0,-0.191696,0.981454,0,3
31.7456,-5.88975,0,0,0,-0.176252,0.984345,0,3
32.8562,-6.28144,0,0,0,-0.171145,0.985246,0,3
33.9318,-6.66317,0,0,0,-0.169571,0.985518,0,3
34.9804,-7.02086,0,0,0,-0.164088,0.986446,0,3
36.0096,-7.36101,0,0,0,-0.163048,0.986618,0,3
37.0899,-7.69801,0,0,0,-0.157753,0.987479,0,3
38.1594,-8.04042,0,0,0,-0.157064,0.987588,0,3
39.2044,-8.38131,0,0,0,-0.157296,0.987552,0,3
40.2722,-8.72099,0,0,0,-0.15465,0.987969,0,3
41.3425,-9.04276,0,0,0,-0.153783,0.988105,0,3
42.4173,-9.37499,0,0,0,-0.15767,0.987492,0,3
43.4915,-9.72063,0,0,0,-0.160785,0.986989,0,3
44.5282,-10.0752,0,0,0,-0.176719,0.984261,0,3
45.5229,-10.4697,0,0,0,-0.200436,0.979707,1,3
46.5575,-10.908,0,0,0,-0.209093,0.977896,1,3
47.5923,-11.3403,0,0,0,-0.204943,0.978774,1,3
48.6226,-11.7624,0,0,0,-0.200711,0.97965,1,3
49.6529,-12.1725,0,0,0,-0.194981,0.980807,1,3
50.6819,-12.593,0,0,0,-0.197621,0.980278,1,3
51.7268,-13.0447,0,0,0,-0.19474,0.980855,1,3
52.7964,-13.4978,0,0,0,-0.208133,0.978101,1,3
53.8693,-13.9995,0,0,0,-0.222331,0.974971,1,3
54.8986,-14.5238,0,0,0,-0.230507,0.973071,1,3
55.8944,-15.0355,0,0,0,-0.233934,0.972253,1,3
56.8388,-15.7731,0,0,0,-0.475839,0.879533,1,3
57.0552,-16.8853,0,0,0,-0.746166,0.66576,1,3
56.8239,-17.918,0,0,0,-0.801659,0.597782,1,3
56.51,-18.9337,0,0,0,-0.804519,0.593926,1,3
56.212,-19.9655,0,0,0,-0.799422,0.600769,1,3
55.9244,-21.0002,0,0,0,-0.79652,0.604612,1,3
55.6647,-22.1046,0,0,0,-0.785609,0.618723,1,3
55.458,-23.1715,0,0,0,-0.785259,0.619167,1,3
55.2128,-24.2286,0,0,0,-0.79199,0.610534,1,3
54.9052,-25.2707,0,0,0,-0.801845,0.597531,1,3
54.5613,-26.2939,0,0,0,-0.811109,0.584896,1,3
54.2044,-27.3318,0,0,0,-0.812937,0.582352,1,3
53.8199,-28.3682,0,0,0,-0.821627,0.570026,1,3
53.4217,-29.384,0,0,0,-0.829879,0.557943,1,3
53.0001,-30.4056,0,0,0,-0.83875,0.544517,1,3
52.5676,-31.3894,0,0,0,-0.839777,0.542931,1,3
52.1118,-32.396,0,0,0,-0.837891,0.545837,1,3
51.6736,-33.3852,0,0,0,-0.838269,0.545256,1,3
51.2401,-34.3871,0,0,0,-0.836722,0.547627,1,3
50.8245,-35.3722,0,0,0,-0.83636,0.548181,1,3
50.4013,-36.3738,0,0,0,-0.832015,0.554754,1,3
49.9861,-37.3685,0,0,0,-0.83162,0.555345,0,3
49.5999,-38.3727,0,0,0,-0.82591,0.563802,0,3
49.1694,-39.3875,0,0,0,-0.859316,0.511445,0,3
48.4411,-40.328,0,0,0,-0.92279,0.385303,0,3
47.6109,-41.003,0,0,0,-0.951383,0.308011,0,3
46.6925,-41.6635,0,0,0,-0.951558,0.307469,0,3
45.774,-42.3505,0,0,0,-0.95184,0.306594,0,3
44.8546,-43.0349,0,0,0,-0.951269,0.308361,0,3
43.956,-43.6987,0,0,0,-0.950857,0.309629,0,3
43.1488,-44.3732,0,0,0,-0.923229,0.384251,0,3
42.4735,-45.3498,0,0,0,-0.841518,0.540229,0,3
42.1978,-46.3854,0,0,0,-0.738947,0.673763,0,3
42.3096,-47.5296,0,0,0,-0.621427,0.783472,0,3
42.65,-48.6942,0,0,0,-0.588862,0.808234,0,3
43.0188,-49.8684,0,0,0,-0.584917,0.811093,0,3
43.3335,-51.0657,0,0,0,-0.623607,0.781738,0,3
43.5389,-52.275,0,0,0,-0.657169,0.753743,0,3
43.6337,-53.4433,0,0,0,-0.702261,0.711919,0,3
43.5819,-54.5619,0,0,0,-0.746845,0.664999,0,3
43.4282,-55.6271,0,0,0,-0.773538,0.63375,0,3
43.2122,-56.7118,0,0,0,-0.783976,0.620791,0,3
42.9465,-57.7805,0,0,0,-0.794508,0.607254,0,3
42.6601,-58.815,0,0,0,-0.802463,0.596702,0,3
42.3326,-59.8692,0,0,0,-0.810959,0.585103,0,3
41.9998,-60.8955,0,0,0,-0.817223,0.576321,0,3
41.6589,-61.9201,0,0,0,-0.813083,0.582148,0,3
41.319,-62.9554,0,0,0,-0.806863,0.590738,0,3
41.0036,-63.9767,0,0,0,-0.802513,0.596635,0,3
40.7048,-65.0281,0,0,0,-0.797194,0.603723,0,3
40.412,-66.0691,0,0,0,-0.798586,0.60188,0,3
40.1477,-67.0816,0,0,0,-0.791404,0.611294,0,3
39.8853,-68.1396,0,0,0,-0.787506,0.616307,0,3
39.634,-69.202,0,0,0,-0.788189,0.615433,0,3
39.3559,-70.2867,0,0,0,-0.793944,0.607991,0,3
39.0718,-71.311,0,0,0,-0.803448,0.595375,0,3
38.7607,-72.3328,0,0,0,-0.812375,0.583135,0,3
38.4138,-73.3548,0,0,0,-0.8128,0.582543,0,3
38.0683,-74.4411,0,0,0,-0.811975,0.583692,0,3
37.7391,-75.4602,0,0,0,-0.809988,0.586446,0,3
37.4163,-76.4718,0,0,0,-0.809242,0.587476,0,3
37.0978,-77.4951,0,0,0,-0.807823,0.589426,0,3
36.815,-78.4876,0,0,0,-0.805621,0.592431,0,3
36.5067,-79.5406,0,0,0,-0.80548,0.592623,0,3
36.2075,-80.5572,0,0,0,-0.80709,0.590428,0,3
35.9018,-81.5595,0,0,0,-0.807921,0.589291,0,3
35.6254,-82.5352,0,0,0,-0.801888,0.597475,0,3
35.3482,-83.535,0,0,0,-0.796879,0.604139,0,3
35.0763,-84.72,0,0,0,-0.78866,0.61483,0,3
34.844,-85.7658,0,0,0,-0.783891,0.620898,0,3
34.6288,-86.8018,0,0,0,-0.758002,0.652252,0,3
34.4371,-87.9358,0,1.06881E-008,-7.52839E-009,-0.735305,0.677737,0,3
34.3198,-89.0529,0,-2.03778E-008,1.25511E-008,-0.127822,0.991797,0,3
34.2403,-90.1943,0,3.64155E-009,-3.42363E-009,-0.744266,0.667884,0,3
34.1607,-91.1087,0,0,0,-0.798369,0.602168,0,3
34.0337,-92.0918,0,0,0,-0.80999,0.586444,0,3
33.7849,-93.0226,0,0,0,-0.820066,0.572269,0,3
33.6316,-94.0745,0,0,0,-0.828999,0.559251,0,3
33.3796,-95.1137,0,0,0,-0.824534,0.565813,0,3
33.1982,-96.103,0,0,0,-0.809947,0.586503,0,3
33.1392,-97.1316,0,0,0,-0.789479,0.613778,0,3
33.2182,-98.2286,0,0,0,-0.759584,0.65041,0,3
33.1214,-99.3156,0,0,0,-0.738967,0.673742,0,3
33.0509,-100.39,0,0,0,-0.720177,0.693791,0,3
33.0585,-101.451,0,0,0,-0.698819,0.715299,0,3
33.1131,-102.557,0,0,0,-0.690932,0.72292,0,3
33.1816,-103.617,0,0,0,-0.689993,0.723816,0,3
33.247,-104.682,0,0,0,-0.690644,0.723195,0,3
33.3237,-105.786,0,0,0,-0.686203,0.72741,0,3
33.3837,-106.922,0,0,0,-0.684664,0.728858,0,3
33.4347,-108.009,0,0,0,-0.701237,0.712928,0,3
33.4112,-109.071,0,0,0,-0.724611,0.689158,0,3
33.333,-110.191,0,0,0,-0.739132,0.673561,0,3
33.2393,-111.281,0,0,0,-0.742613,0.669721,0,3
33.1376,-112.393,0,0,0,-0.744044,0.668131,0,3
33.011,-113.463,0,0,0,-0.75208,0.659072,0,3
32.8478,-114.562,0,0,0,-0.765294,0.643681,0,3
32.6576,-115.606,0,0,0,-0.776827,0.629714,0,3
32.4233,-116.662,0,0,0,-0.783453,0.621452,0,3
32.1822,-117.687,0,0,0,-0.785101,0.619368,0,3
31.9176,-118.742,0,0,0,-0.789089,0.614279,0,3
31.6573,-119.774,0,0,0,-0.791401,0.611297,0,3
31.3792,-120.839,0,0,0,-0.791497,0.611172,0,3
31.1311,-121.854,0,0,0,-0.792661,0.609663,0,3
30.8494,-122.91,0,0,0,-0.792282,0.610156,0,3
30.5684,-123.971,0,0,0,-0.794805,0.606864,0,3
30.2645,-125.05,0,0,0,-0.795359,0.606138,0,3
29.9517,-126.157,0,0,0,-0.798986,0.601349,0,3
29.6262,-127.209,0,0,0,-0.801187,0.598414,0,3
29.3128,-128.234,0,0,0,-0.803726,0.595,0,3
28.9983,-129.261,0,0,0,-0.805463,0.592646,0,3
28.6541,-130.323,0,0,0,-0.808763,0.588134,0,3
28.3132,-131.371,0,0,0,-0.810022,0.586399,0,3
27.9622,-132.387,0,0,0,-0.819937,0.572453,0,3
27.5212,-133.371,0,0,0,-0.852409,0.522875,0,3
26.9774,-134.343,0,0,0,-0.875787,0.482697,0,3
26.3047,-135.351,0,0,0,-0.892043,0.451951,0,3
25.5904,-136.27,0,0,0,-0.898485,0.439005,0,3
24.8634,-137.202,0,0,0,-0.897384,0.44125,0,3
24.1642,-138.1,0,0,0,-0.897317,0.441387,0,3
23.4677,-139.045,0,0,0,-0.896716,0.442607,0,3
22.7892,-139.973,0,0,0,-0.895274,0.445516,0,3
22.1054,-140.936,0,0,0,-0.889401,0.457127,0,3
21.4311,-141.918,0,0,0,-0.88795,0.45994,0,3
20.7867,-142.855,0,0,0,-0.884631,0.466292,0,3
20.1546,-143.765,0,0,0,-0.885144,0.465317,0,3
19.5286,-144.621,0,0,0,-0.887527,0.460756,0,3
18.8704,-145.481,0,0,0,-0.891087,0.453832,0,3
18.0615,-146.242,0,0,0,-0.950846,0.309664,1,3
17.0896,-146.63,0,0,0,-0.993342,0.115204,1,3
15.9935,-146.759,0,0,0,-0.998278,0.0586532,1,3
14.91,-146.814,0,0,0,0.999935,0.0113702,1,3
13.8676,-146.721,0,0,0,0.996386,0.0849455,1,3
12.7344,-146.461,0,0,0,0.992395,0.123091,1,3
11.7632,-146.196,0,0,0,0.990433,0.137996,1,3
10.7608,-145.9,0,0,0,0.98934,0.145623,1,3
9.75822,-145.6,0,0,0,0.989502,0.144517,1,3
8.75529,-145.31,0,0,0,0.99034,0.13866,1,3
7.72389,-145.048,0,0,0,0.991334,0.131367,1,3
6.72431,-144.789,0,0,0,0.992253,0.124235,1,3
5.63986,-144.541,0,0,0,0.992991,0.118186,1,3
4.55624,-144.297,0,0,0,0.993604,0.11292,1,3
3.54087,-144.076,0,0,0,0.994069,0.108754,1,3
2.51838,-143.852,0,0,0,0.993811,0.11108,1,3
1.464,-143.614,0,0,0,0.993617,0.112806,1,3
0.453123,-143.387,0,0,0,0.99369,0.112163,1,3
-0.559966,-143.168,0,0,0,0.994,0.109382,1,3
-1.61593,-142.94,0,0,0,0.993913,0.11017,1,3
-2.65417,-142.713,0,0,0,0.994337,0.106277,1,3
-3.70138,-142.489,0,0,0,0.994096,0.108509,0,3
-4.75146,-142.274,0,0,0,0.994669,0.103124,0,3
-5.7829,-142.074,0,0,0,0.99496,0.10027,0,3
-6.84154,-141.869,0,0,0,0.995653,0.093139,0,3
-7.88189,-141.695,0,0,0,0.995999,0.0893595,0,3
-8.92052,-141.531,0,0,0,0.996343,0.0854476,0,3
-9.95101,-141.373,0,0,0,0.996821,0.0796749,0,3
-11.055,-141.228,0,0,0,0.99725,0.0741054,0,3
-12.0889,-141.094,0,0,0,0.997535,0.0701693,0,3
-13.1088,-140.975,0,0,0,0.99793,0.0643145,0,3
-14.2161,-140.838,0,0,0,0.998149,0.060812,0,3
-15.2909,-140.712,0,0,0,0.998098,0.0616543,0,3
-16.3594,-140.603,0,0,0,0.998162,0.0606071,0,3
-17.3929,-140.474,0,0,0,0.998388,0.0567614,0,3
-18.4608,-140.381,0,0,0,0.998406,0.0564434,0,3
-19.5142,-140.248,0,0,0,0.997607,0.0691431,0,3
-20.601,-140.029,0,0,0,0.995577,0.0939509,0,3
-21.6185,-139.788,0,0,0,0.994243,0.107147,0,3
-22.6437,-139.525,0,0,0,0.994474,0.104982,0,3
-23.6328,-139.209,0,0,0,0.994632,0.103473,0,3
-24.6516,-138.916,0,0,0,0.994278,0.106827,0,3
-25.7326,-138.732,0,0,0,0.994906,0.100809,0,3
-26.6948,-138.388,0,0,0,0.996479,0.0838391,0,3
-27.6821,-138.141,0,0,0,0.997615,0.0690289,0,3
-28.6508,-137.786,0,0,0,0.997962,0.0638118,0,3
-29.7338,-137.513,0,0,0,0.998249,0.0591434,0,3
-30.7691,-137.322,0,0,0,0.996718,0.0809565,0,3
-31.8149,-136.98,0,0,0,0.995344,0.0963897,0,3
-32.8904,-136.623,0,0,0,0.994094,0.10852,0,3
-33.9822,-136.479,0,0,0,0.994411,0.105576,0,3
-35.0018,-136.029,0,0,0,0.994183,0.107705,0,3
-36.0581,-135.856,0,0,0,0.994671,0.103095,0,3
-37.0928,-135.743,0,0,0,0.994617,0.103619,0,3
-38.1677,-135.604,0,0,0,0.99578,0.0917749,0,3
-39.0767,-135.281,0,0,0,0.996293,0.0860253,0,3
-40.1074,-135.006,0,0,0,0.996005,0.0892977,0,3
-40.9724,-134.651,0,0,0,0.996065,0.0886216,0,3
-41.8962,-134.301,0,0,0,0.995604,0.093658,0,3
-42.8649,-133.833,0,0,0,0.993535,0.113524,0,3
-43.7707,-133.274,0,0,0,0.990261,0.139223,0,3
-44.7344,-132.762,0,0,0,0.989688,0.143238,0,3
-45.7205,-132.43,0,0,0,0.990643,0.136479,0,3
-46.6355,-132.019,0,0,0,0.988536,0.150983,0,3
-47.5274,-131.564,0,0,0,0.986819,0.16183,0,3
-48.4902,-131.075,0,0,0,0.986493,0.163801,0,3
-49.5385,-130.68,0,0,0,0.987871,0.155278,0,3
-50.5811,-130.33,0,0,0,0.989611,0.143772,0,3
-51.5831,-130.046,0,0,0,0.990117,0.140243,0,3
-52.745,-129.733,0,0,0,0.991667,0.128831,0,3
-53.7456,-129.472,0,0,0,0.992687,0.120719,0,3
-54.9068,-129.2,0,0,0,0.993018,0.11796,0,3
-56.0669,-128.925,0,0,0,0.994118,0.108306,0,3
-57.1087,-128.706,0,0,0,0.994737,0.102465,0,3
-58.1431,-128.511,0,0,0,0.995593,0.0937758,0,3
-59.1947,-128.324,0,0,0,0.995845,0.0910622,0,3
-60.2449,-128.134,0,0,0,0.996275,0.0862374,0,3
-61.3007,-127.998,0,0,0,0.996901,0.0786653,0,3
-62.3574,-127.858,0,0,0,0.997447,0.0714116,0,3
-63.4202,-127.718,0,0,0,0.9977,0.0677859,0,3
-64.4993,-127.581,0,0,0,0.998036,0.0626443,0,3
-65.5492,-127.443,0,0,0,0.998008,0.0630814,0,3
-66.6513,-127.263,0,0,0,0.9976,0.0692395,0,3
-67.7336,-127.073,0,0,0,0.997427,0.0716945,0,3
-68.8173,-126.86,0,0,0,0.996924,0.0783777,0,3
-69.8853,-126.664,0,0,0,0.996724,0.080884,0,3
-70.9142,-126.453,0,0,0,0.996095,0.0882858,0,3
-71.9513,-126.223,0,0,0,0.995853,0.0909769,0,3
-73.015,-125.98,0,0,0,0.994342,0.106226,0,3
-74.0492,-125.492,0,0,0,0.993491,0.113913,0,3
-75.1151,-125.16,0,0,0,0.993649,0.11252,0,3
-75.9468,-124.784,0,0,0,0.993657,0.112453,0,3
-76.9448,-124.524,0,0,0,0.993502,0.113814,0,3
-77.8892,-124.176,0,0,0,0.994278,0.106819,0,3
-78.9389,-123.804,0,0,0,0.994803,0.101813,0,3
-80.1323,-123.489,0,0,0,0.994794,0.10191,0,3
-81.1263,-123.246,0,0,0,0.994579,0.103979,0,3
-82.1332,-122.96,0,0,0,0.99291,0.118868,0,3
-83.2524,-122.575,0,0,0,0.992514,0.12213,0,3
-84.3901,-122.162,0,0,0,0.993781,0.111351,0,3
-85.172,-121.794,0,0,0,0.991407,0.130814,0,3
-86.1922,-121.5,0,0,0,0.976553,0.215279,0,3
-86.7166,-120.945,0,0,0,0.957497,0.288443,0,3
-87.5065,-120.45,0,0,0,0.90986,0.414915,0,3
-87.9468,-119.455,0,0,0,0.855066,0.51852,0,3
-88.7235,-118.19,0,0,0,0.826148,0.563454,0,3
-89.3014,-117.187,0,0,0,0.813069,0.582168,0,3
-89.6058,-116.184,0,0,0,0.808143,0.588987,0,3
-90.1884,-115,0,0,0,0.803871,0.594804,0,3
-90.4789,-113.883,0,0,0,0.80279,0.596263,0,3
-90.5502,-112.739,0,0,0,0.796826,0.604208,0,3
-90.7354,-111.515,0,0,0,0.79242,0.609976,0,3
-90.9499,-110.425,0,0,0,0.787913,0.615787,0,3
-91.0751,-109.337,0,0,0,0.794961,0.606661,0,3
-91.2785,-108.176,0,0,0,0.801235,0.59835,0,3
-91.6051,-107.138,0,0,0,0.810693,0.585472,0,3
-91.7544,-106.361,0,0,0,0.817298,0.576216,0,3
-92.1404,-105.44,0,0,0,0.816317,0.577604,0,3
-92.5191,-104.62,0,0,0,0.823126,0.567859,0,3
-93.2479,-103.854,0,0,0,0.845043,0.534699,0,3
-94.1025,-103.07,0,0,0,0.940998,0.338413,1,3
-95.0316,-102.681,0,0,0,0.985281,0.170945,1,3
-95.8975,-102.567,0,0,0,0.999474,0.0324365,1,3
-96.7183,-102.405,0,0,0,-1,0.000228442,1,3
-97.613,-102.201,0,0,0,-0.998626,0.0524077,1,3
-98.4831,-101.936,0,0,0,-0.998027,0.0627876,1,3
-99.4168,-101.626,0,0,0,-0.997764,0.0668356,1,3
-100.267,-101.538,0,0,0,-0.998327,0.0578193,1,3
-100.998,-101.522,0,0,0,-0.999135,0.0415856,1,3
-101.888,-101.426,0,0,0,-0.999783,0.0208469,1,3
-102.969,-101.31,0,0,0,0.999997,0.00253664,1,3
-104.004,-101.063,0,0,0,0.998249,0.0591468,1,3
-105.302,-100.766,0,0,0,0.989469,0.144742,1,3
-106.262,-100.462,0,0,0,0.967839,0.251571,1,3
-107.413,-100.156,0,0,0,0.957491,0.288463,1,3
-108.562,-99.8703,0,0,0,0.951429,0.307869,1,3
-109.5,-99.4476,0,0,0,0.940842,0.338845,1,3
-110.403,-98.7405,0,0,0,0.945644,0.325204,1,3
-111.349,-98.0961,0,0,0,0.94842,0.317017,1,3
-112.317,-97.4297,0,0,0,0.936125,0.351669,1,3
-113.167,-96.6635,0,0,0,0.914071,0.405554,1,3
-113.883,-95.8395,0,0,0,0.8969,0.442233,1,3
-114.544,-94.9197,0,0,0,0.876384,0.481613,1,3
-115.131,-93.914,0,0,0,0.852711,0.522382,1,3
-115.65,-92.8451,0,0,0,0.829871,0.557955,1,3
-116.018,-91.8759,0,0,0,0.802225,0.597022,1,3
-116.329,-90.8304,0,0,0,0.778466,0.627686,1,3
-116.561,-89.7216,0,0,0,0.763238,0.646117,1,3
-116.761,-88.5234,0,0,0,0.755382,0.655284,1,3
-116.928,-87.3464,0,0,0,0.743617,0.668606,1,3
-117.052,-86.1881,0,0,0,0.71943,0.694565,1,3
-117.031,-85.1007,0,0,0,0.661945,0.749552,1,3
-116.861,-84.0974,0,0,0,0.615245,0.788336,1,3
-116.507,-82.994,0,0,0,0.555306,0.831646,1,3
-116.088,-81.9727,0,0,0,0.532144,0.846654,1,3
-115.582,-80.9559,0,0,0,0.502682,0.864472,1,3
-115.028,-80.0213,0,0,0,0.473395,0.880851,1,3
-114.396,-79.1313,0,0,0,0.413564,0.910475,1,3
-113.626,-78.3576,0,0,0,0.338205,0.941073,1,3
-112.686,-77.6693,0,0,0,0.256008,0.966675,1,3
-111.586,-77.1221,0,0,0,0.18836,0.9821,1,3
-110.516,-76.7838,0,0,0,0.126083,0.99202,1,3
-109.374,-76.5256,0,0,0,0.094261,0.995548,1,3
-108.298,-76.3134,0,0,0,0.0824486,0.996595,1,3
-107.201,-76.1175,0,0,0,0.0782059,0.996937,1,3
-106.083,-75.929,0,0,0,0.079592,0.996828,1,3
-105,-75.7396,0,0,0,0.0800858,0.996788,1,3
-103.899,-75.5623,0,0,0,0.072809,0.997346,1,3
-102.802,-75.4591,0,0,0,0.0140042,0.999902,1,3
-101.795,-75.505,0,0,0,-0.0606448,0.998159,1,3
-100.563,-75.7522,0,0,0,-0.133973,0.990985,1,3
-99.5161,-76.0985,0,0,0,-0.186358,0.982482,1,3
-98.5238,-76.5506,0,0,0,-0.236405,0.971655,1,3
-97.5805,-77.1007,0,0,0,-0.282931,0.95914,1,3
-96.7019,-77.722,0,0,0,-0.319372,0.94763,1,3
-95.8212,-78.316,0,0,0,-0.238423,0.971161,1,3
-94.7253,-78.7091,0,0,0,-0.101769,0.994808,1,3
-93.6804,-78.7908,0,0,0,0.0257344,0.999669,1,3
-92.5547,-78.5721,0,0,0,0.142842,0.989746,1,3
-91.5595,-78.208,0,0,0,0.210119,0.977676,1,3
-90.4929,-77.6246,0,0,0,0.287401,0.95781,1,3
-89.5505,-76.9194,0,0,0,0.346163,0.938174,0,3
-88.7487,-76.1682,0,0,0,0.370639,0.928777,0,3
-87.9653,-75.3708,0,0,0,0.386083,0.922464,0,3
-87.1864,-74.546,0,0,0,0.395924,0.918283,0,3
-86.4381,-73.716,0,0,0,0.408247,0.912871,0,3
-85.7421,-72.9091,0,0,0,0.416301,0.909227,0,3
-85.0171,-72.1126,0,0,0,0.395773,0.918348,0,3
-84.2579,-71.3396,0,0,0,0.379381,0.925241,0,3
-83.499,-70.5793,0,0,0,0.377033,0.9262,0,3
-82.7433,-69.8454,0,0,0,0.380217,0.924897,0,3
-81.9843,-69.0807,0,0,0,0.383303,0.923623,0,3
-81.2092,-68.3067,0,0,0,0.383406,0.92358,0,3
-80.4583,-67.5472,0,0,0,0.383297,0.923625,0,3
-79.7092,-66.8159,0,0,0,0.38116,0.924509,0,3
-78.9524,-66.0134,0,0,0,0.387338,0.921938,0,3
-78.199,-65.2329,0,0,0,0.389775,0.92091,0,3
-77.4651,-64.4574,0,0,0,0.395028,0.918669,0,3
-76.7288,-63.6811,0,0,0,0.393122,0.919486,0,3
-75.8888,-63.0054,0,0,0,0.266519,0.96383,0,3
-74.7134,-62.5391,0,0,0,0.12326,0.992374,0,3
-73.5554,-62.3737,0,0,0,0.0473928,0.998876,0,3
-72.4623,-62.4104,0,0,0,0.00209733,0.999998,0,3
-71.3974,-62.5576,0,0,0,-0.0494561,0.998776,0,3
-70.3969,-62.8036,0,0,0,-0.0873302,0.996179,0,3
-69.3761,-63.1108,0,0,0,-0.11942,0.992844,0,3
-68.3469,-63.4594,0,0,0,-0.141151,0.989988,0,3
-67.3336,-63.7826,0,0,0,-0.150624,0.988591,0,3
-66.3213,-64.1134,0,0,0,-0.150308,0.988639,0,3
-65.3345,-64.4051,0,0,0,-0.146433,0.989221,0,3
-64.1372,-64.7247,0,0,0,-0.144105,0.989562,0,3
-62.9509,-65.0649,0,0,0,-0.142669,0.98977,0,3
-61.778,-65.4144,0,0,0,-0.142048,0.98986,0,3
-60.582,-65.744,0,0,0,-0.136952,0.990578,0,3
-59.3977,-66.0641,0,0,0,-0.143024,0.989719,0,3
-58.2428,-66.3634,0,0,0,-0.137557,0.990494,0,3
-57.076,-66.6659,0,0,0,-0.139006,0.990292,0,3
-55.8976,-66.9591,0,0,0,-0.136714,0.99061,0,3
-54.9277,-67.2064,0,0,0,-0.132107,0.991236,0,3
-53.7183,-67.4894,0,0,0,-0.150058,0.988677,0,3
-52.5385,-67.8022,0,0,0,-0.173237,0.98488,0,3
-51.4067,-68.165,0,0,0,-0.176659,0.984272,0,3
-50.3325,-68.5307,0,0,0,-0.170311,0.98539,0,3
-49.2397,-68.9225,0,0,0,-0.167465,0.985878,0,3
-48.1271,-69.3013,0,0,0,-0.165054,0.986285,0,3
-46.9954,-69.685,0,0,0,-0.160911,0.986969,0,3
-45.8538,-70.0627,0,0,0,-0.171086,0.985256,0,3
-44.7709,-70.4498,0,0,0,-0.174761,0.984611,0,3
-43.6291,-70.8311,0,0,0,-0.16502,0.98629,0,3
-42.504,-71.2062,0,0,0,-0.172351,0.985036,0,3
-41.4224,-71.5988,0,0,0,-0.177592,0.984104,0,3
-40.3326,-72,0,0,0,-0.177376,0.984143,0,3
-39.239,-72.408,0,0,0,-0.182391,0.983226,0,3
-38.1882,-72.8463,0,0,0,-0.208987,0.977919,0,3
-37.1103,-73.3355,0,0,0,-0.215484,0.976507,0,3
-36.0896,-73.8007,0,0,0,-0.21822,0.9759,0,3
-35.0761,-74.2699,0,0,0,-0.219769,0.975552,0,3
-34.0362,-74.7637,0,0,0,-0.218072,0.975933,0,3
-33.0297,-75.2321,0,0,0,-0.217002,0.976171,0,3
-32.0168,-75.6976,0,0,0,-0.216701,0.976238,0,3
-30.9413,-76.1918,0,0,0,-0.213021,0.977048,0,3
-29.9219,-76.6564,0,0,0,-0.2082,0.978086,0,3
-28.8913,-77.0955,0,0,0,-0.202613,0.979259,0,3
-27.829,-77.5471,0,0,0,-0.19635,0.980534,0,3
-26.7279,-77.9743,0,0,0,-0.174281,0.984696,0,3
-25.5791,-78.3642,0,0,0,-0.153409,0.988163,0,3
-24.6063,-78.657,0,0,0,-0.1383,0.99039,0,3
-23.4459,-78.9679,0,0,0,-0.124309,0.992244,0,3
-22.2762,-79.2323,0,0,0,-0.113498,0.993538,0,3
-21.1015,-79.4494,0,0,0,-0.0893765,0.995998,0,3
-19.8746,-79.5951,0,0,0,-0.0519122,0.998652,0,3
-18.8473,-79.6805,0,0,0,-0.0463502,0.998925,0,3
-17.7808,-79.7577,0,0,0,-0.0476589,0.998864,0,3
-16.5498,-79.8792,0,0,0,-0.0722382,0.997387,0,3
-15.3437,-80.0675,0,0,0,-0.0906711,0.995881,0,3
-14.3275,-80.2338,0,0,0,-0.0931721,0.99565,0,3
-13.1033,-80.4778,0,0,0,-0.0975263,0.995233,0,3
-12.1028,-80.666,0,0,0,-0.0951607,0.995462,0,3
-11.0968,-80.8855,0,0,0,-0.11214,0.993692,0,3
-9.90871,-81.185,0,0,0,-0.125661,0.992073,0,3
-8.75708,-81.4741,0,0,0,-0.12911,0.99163,0,3
-7.57069,-81.7863,0,0,0,-0.12836,0.991728,0,3
-6.35167,-82.1135,0,0,0,-0.12955,0.991573,0,3
-5.33658,-82.3799,0,0,0,-0.130088,0.991502,0,3
-4.36109,-82.6198,0,0,0,-0.128008,0.991773,0,3
-3.39042,-82.8651,0,0,0,-0.126165,0.992009,0,3
-2.19498,-83.1471,0,0,0,-0.131173,0.99136,0,3
-1.19611,-83.3959,0,0,0,-0.126981,0.991905,0,3
-0.227001,-83.6508,0,0,0,-0.127453,0.991845,0,3
0.954914,-83.9539,0,0,0,-0.123843,0.992302,0,3
2.14804,-84.2633,0,0,0,-0.126098,0.992018,0,3
3.13999,-84.4957,0,0,0,-0.120019,0.992772,0,3
4.12637,-84.7154,0,0,0,-0.116013,0.993248,0,3
5.10963,-84.9531,0,0,0,-0.121534,0.992587,0,3
6.12166,-85.1825,0,0,0,-0.116015,0.993247,0,3
7.11263,-85.3962,0,0,0,-0.112322,0.993672,0,3
8.08938,-85.6194,0,0,0,-0.114889,0.993378,0,3
9.12349,-85.841,0,0,0,-0.109974,0.993934,0,3
10.339,-86.0925,0,0,0,-0.110495,0.993877,0,3
11.3634,-86.3173,0,0,0,-0.112769,0.993621,0,3
12.3769,-86.5401,0,0,0,-0.123146,0.992389,0,3
13.3588,-86.7698,0,0,0,-0.134153,0.990961,0,3
14.3295,-87.0155,0,0,0,-0.134162,0.990959,0,3
15.3079,-87.2663,0,0,0,-0.134882,0.990862,0,3
16.2819,-87.537,0,0,0,-0.136007,0.990708,0,3
17.2801,-87.8035,0,0,0,-0.130607,0.991434,0,3
18.3049,-88.0611,0,0,0,-0.129208,0.991618,0,3
19.3112,-88.3223,0,0,0,-0.125562,0.992086,0,3
20.3445,-88.5718,0,0,0,-0.12365,0.992326,0,3
21.4133,-88.8309,0,0,0,-0.121416,0.992602,0,3
22.482,-89.0666,0,0,0,-0.117021,0.993129,0,3
23.5687,-89.3125,0,0,0,-0.109762,0.993958,0,3
24.6613,-89.5297,0,0,0,-0.111211,0.993797,0,3
25.7237,-89.7638,0,0,0,-0.105107,0.994461,0,3
26.8388,-89.9616,0,0,0,-0.101586,0.994827,0,3
27.9147,-90.1527,0,0,0,-0.0950246,0.995475,0,3
29.0618,-90.3515,0,0,0,-0.0720159,0.997403,0,3
30.2213,-90.374,0,0,0,0.0619118,0.998082,0,3
31.4109,-90.0236,0,0,0,0.22801,0.973659,0,3
32.3385,-89.3769,0,0,0,0.375799,0.926701,0,3
32.9983,-88.5581,0,0,0,0.472864,0.881136,0,3
33.5812,-87.5384,0,0,0,0.535075,0.844804,0,3
34.0637,-86.4619,0,0,0,0.566556,0.824023,0,3
34.465,-85.2749,0,0,0,0.601371,0.79897,0,3
34.8112,-84.0939,0,0,0,0.602326,0.79825,0,3
35.1586,-82.9022,0,0,0,0.600998,0.799251,0,3
35.4737,-81.7372,0,0,0,0.617059,0.786917,0,3
35.6995,-80.7627,0,0,0,0.622576,0.782559,0,3
35.9394,-79.7834,0,0,0,0.621157,0.783686,0,3
36.2338,-78.5777,0,0,0,0.6191,0.785312,0,3
36.4635,-77.586,0,0,0,0.620111,0.784514,0,3
36.6966,-76.5835,0,0,0,0.617168,0.786832,0,3
36.9754,-75.5575,0,0,0,0.611794,0.791017,0,3
37.2919,-74.5651,0,0,0,0.603278,0.797531,0,3
37.5805,-73.5806,0,0,0,0.601117,0.799161,0,3
37.9077,-72.5477,0,0,0,0.590719,0.806877,0,3
38.272,-71.5313,0,0,0,0.584427,0.811447,0,3
38.6354,-70.4918,0,0,0,0.582381,0.812916,0,3
39.0068,-69.5198,0,0,0,0.579194,0.81519,0,3
39.3888,-68.4783,0,0,0,0.575636,0.817706,0,3
39.7721,-67.4438,0,0,0,0.572903,0.819623,0,3
40.1429,-66.3961,0,0,0,0.573297,0.819348,0,3
40.5051,-65.3605,0,0,0,0.5771,0.816673,0,3
40.8659,-64.3088,0,0,0,0.583723,0.811953,0,3
41.2042,-63.2148,0,0,0,0.587456,0.809256,0,3
41.5421,-62.1349,0,0,0,0.589931,0.807453,0,3
41.8664,-61.0944,0,0,0,0.59183,0.806063,0,3
42.2241,-59.973,0,0,0,0.584991,0.81104,0,3
42.5743,-58.8945,0,0,0,0.583994,0.811758,0,3
42.9537,-57.8579,0,0,0,0.576961,0.816772,0,3
43.3531,-56.7846,0,0,0,0.570677,0.821175,0,3
43.7806,-55.7633,0,0,0,0.542084,0.840324,0,3
44.2572,-54.8773,0,0,0,0.490456,0.871466,0,3
44.9726,-53.881,0,0,0,0.427493,0.904019,0,3
45.7419,-53.0268,0,0,0,0.387738,0.92177,0,3
46.5629,-52.2536,0,0,0,0.350781,0.936458,0,3
47.3987,-51.5367,0,0,0,0.344568,0.938761,0,3
48.2257,-50.7928,0,0,0,0.361318,0.932443,0,3
48.995,-50.0458,0,0,0,0.383431,0.923569,0,3
49.7632,-49.2177,0,0,0,0.426357,0.904555,0,3
50.4353,-48.2181,0,0,0,0.496798,0.867866,0,3
50.8484,-47.2394,0,0,0,0.598233,0.801322,0,3
51.0245,-46.1724,0,0,0,0.686632,0.727005,0,3
50.9553,-44.9988,0,0,0,0.75385,0.657047,0,3
50.7449,-43.9129,0,0,0,0.790322,0.612691,0,3
50.5023,-42.8263,0,0,0,0.78004,0.62573,0,3
50.2908,-41.7244,0,0,0,0.768316,0.640071,0,3
50.1325,-40.5733,0,0,0,0.756908,0.653521,0,3
49.9702,-39.4335,0,0,0,0.750693,0.660651,0,3
49.9329,-38.252,0,0,0,0.669663,0.742665,0,3
50.1711,-37.1684,0,0,0,0.589607,0.80769,0,3
50.5757,-36.0949,0,0,0,0.557941,0.829881,0,3
51.0231,-35.0473,0,0,0,0.548801,0.835953,0,3
51.4353,-34.0037,0,0,0,0.55198,0.833857,0,3
51.8699,-32.9627,0,0,0,0.554199,0.832384,0,3
52.2843,-31.9598,0,0,0,0.553502,0.832848,0,3
52.7198,-30.9038,0,0,0,0.554426,0.832233,0,3
53.1134,-29.8782,0,0,0,0.562019,0.827125,0,3
53.4986,-28.8585,0,0,0,0.564483,0.825445,0,3
53.9011,-27.7809,0,0,0,0.568556,0.822644,0,3
54.3076,-26.6918,0,0,0,0.571218,0.820798,0,3
54.6946,-25.6463,0,0,0,0.574839,0.818266,0,3
55.1111,-24.5673,0,0,0,0.573908,0.81892,0,3
55.5326,-23.465,0,0,0,0.570312,0.821428,0,3
55.9735,-22.3519,0,0,0,0.56922,0.822185,0,3
56.4075,-21.2113,0,0,0,0.571506,0.820598,0,3
56.8284,-20.0584,0,0,0,0.573463,0.819232,0,3
57.2062,-18.9321,0,0,0,0.576873,0.816834,0,3
57.5166,-17.8186,0,0,0,0.655992,0.754768,0,3
57.4951,-16.7962,0,0,0,0.757789,0.6525,0,3
57.1438,-15.7516,0,0,0,0.845448,0.534058,0,3
56.5137,-14.8509,0,0,0,0.919111,0.393998,0,3
55.5531,-14.1483,0,0,0,0.970402,0.241496,0,3
54.6355,-13.7215,0,0,0,0.979156,0.203112,0,3
53.67,-13.3033,0,0,0,0.979111,0.203326,0,3
52.7255,-12.8906,0,0,0,0.979843,0.199768,0,3
51.7041,-12.4846,0,0,0,0.983614,0.180288,0,3
50.7033,-12.101,0,0,0,0.983482,0.181007,0,3
49.6888,-11.7083,0,0,0,0.984256,0.176747,0,3
48.6305,-11.3044,0,0,0,0.984578,0.174947,0,3
47.5728,-10.9185,0,0,0,0.984869,0.173301,0,3
46.5292,-10.5445,0,0,0,0.985565,0.169298,0,3
45.4737,-10.1855,0,0,0,0.986283,0.165064,0,3
44.4024,-9.8175,0,0,0,0.986617,0.163056,0,3
43.3373,-9.45157,0,0,0,0.986798,0.161956,0,3
42.2857,-9.10698,0,0,0,0.986729,0.162374,0,3
41.2625,-8.77813,0,0,0,0.985913,0.167256,0,3
40.2172,-8.4067,0,0,0,0.983109,0.18302,0,3
39.2356,-8.04298,0,0,0,0.982073,0.188501,0,3
38.2252,-7.62851,0,0,0,0.980773,0.195154,0,3
37.1706,-7.20919,0,0,0,0.982646,0.185492,0,3
36.1286,-6.81033,0,0,0,0.983723,0.179692,0,3
35.0583,-6.4215,0,0,0,0.985074,0.17213,0,3
33.9797,-6.03804,0,0,0,0.985084,0.172075,0,3
32.9501,-5.68805,0,0,0,0.98584,0.167686,0,3
31.8747,-5.29982,0,0,0,0.983187,0.182602,0,3
30.8295,-4.88985,0,0,0,0.981575,0.191075,0,3
29.7922,-4.4632,0,0,0,0.980959,0.194214,0,3
28.7542,-4.04013,0,0,0,0.980848,0.194773,0,3
27.7391,-3.6033,0,0,0,0.980954,0.194242,0,3
26.7044,-3.17052,0,0,0,0.98084,0.194815,0,3
25.6917,-2.74859,0,0,0,0.981545,0.191229,0,3
24.645,-2.32782,0,0,0,0.981566,0.191125,0,3
23.5808,-1.89946,0,0,0,0.981888,0.18946,0,3
22.5682,-1.50531,0,0,0,0.981885,0.189476,0,3
21.5303,-1.10661,0,0,0,0.981696,0.190456,0,3
20.4739,-0.715818,0,0,0,0.983608,0.180319,0,3
19.4174,-0.326115,0,0,0,0.984458,0.175619,0,3
18.3656,0.0452746,0,0,0,0.984614,0.174745,0,3
17.3308,0.399975,0,0,0,0.986204,0.165537,0,3
16.2546,0.765241,0,0,0,0.985401,0.17025,0,3
15.1948,1.15946,0,0,0,0.983607,0.180327,0,3
14.148,1.53692,0,0,0,0.983201,0.182525,0,3
13.1182,1.92105,0,0,0,0.983508,0.180863,0,3
12.085,2.3235,0,0,0,0.981493,0.191498,0,3
